product_number,family_id,product_title,size
"1791290","fam_5613fea5246b","Akril Torbex Shower Base 1000mm x 1000mm White","1000mm x 1000mm"
"1791291","fam_5613fea5246b","Akril Torbex Shower Base 1200mm x 900mm White","1200mm x 900mm"
"1791292","fam_5613fea5246b","Akril Torbex Shower Base 1370mm x 900mm White","1370mm x 900mm"
"1791289","fam_5613fea5246b","Akril Torbex Shower Base 900mm x 900mm White","900mm x 900mm"
"1712023","fam_36e002e23e4f","Aluminium 90 Degree Shower Track 1200 x 1200 with Curtain","1200 x 1200"
"1712024","fam_36e002e23e4f","Aluminium 90 Degree Shower Track 1635 x 1635 with Curtain","1635 x 1635"
"1850770","fam_31d0c707182d","Aska Robe Hook 21 x 65 x 25mm Chrome","21 x 65 x 25mm"
"9505815","fam_0e67e92ee1c8","AXA Cento Mini Wall Basin Left Hand with Fixing 1 Taphole 450 x 250mm White","450 x 250mm"
"9505814","fam_0e67e92ee1c8","AXA Cento Mini Wall Basin Right Hand with Fixing 1 Taphole 450 x 250mm White","450 x 250mm"
"9505318","fam_0fe0c4a457c0","AXA H10 Oval Counter Basin 400 x 320mm White","400 x 320mm"
"9505319","fam_0fe0c4a457c0","AXA H10 Oval Counter Basin 500 x 320mm White","500 x 320mm"
"9505320","fam_0fe0c4a457c0","AXA H10 Oval Counter Basin 600 x 320mm White","600 x 320mm"
"9502948","fam_7fd251ffd647","AXA H10 Rectangle Counter Basin 400 x 320mm White","400 x 320mm"
"9502949","fam_7fd251ffd647","AXA H10 Rectangle Counter Basin 500 x 320mm White","500 x 320mm"
"9502951","fam_7fd251ffd647","AXA H10 Rectangle Counter Basin 600 x 320mm White","600 x 320mm"
"9504386","fam_9b50105137f9","Base Acrylic Bath 1500 x 750 x 400mm White","1500 x 750 x 400mm"
"1792823","fam_9b50105137f9","Base Acrylic Bath 1520 x 715 x 380mm White","1520 x 715 x 380mm"
"1792824","fam_9b50105137f9","Base Acrylic Bath 1650 x 715 x 380mm White","1650 x 715 x 380mm"
"9504387","fam_9b50105137f9","Base Acrylic Bath 1700 x 750 x 400mm White","1700 x 750 x 400mm"
"1704234","fam_47c6dae6447e","Base Acrylic Inset Bath 1520 x 715 x 380mm with Overflow Chrome","1520 x 715 x 380mm"
"1704243","fam_47c6dae6447e","Base Acrylic Inset Bath 1520 x 715 x 380mm with Overflow Gloss White","1520 x 715 x 380mm"
"1704235","fam_47c6dae6447e","Base Acrylic Inset Bath 1650 x 715 x 380mm with Overflow Chrome","1650 x 715 x 380mm"
"1704244","fam_47c6dae6447e","Base Acrylic Inset Bath 1650 x 715 x 380mm with Overflow Gloss White","1650 x 715 x 380mm"
"1852257","fam_ac830924bbc2","Grab Rail 40 Degree Angled 450mm x 700mm Left Hand Stainless Steel","450mm x 700mm"
"1852258","fam_ac830924bbc2","Grab Rail 40 Degree Angled 450mm x 700mm Right Hand Stainless Steel","450mm x 700mm"
"2357063","fam_c5300aa2be6a","ISSY Adorn Above Counter / Semi Inset Wall Hung Vanity Unit with One Door & Internal Shelf with Grande Handle 500mm x 500mm x 450mm","500mm x 500mm x 450mm"
"2357065","fam_c5300aa2be6a","ISSY Adorn Above Counter / Semi Inset Wall Hung Vanity Unit with One Door & Internal Shelf with Grande Handle 600mm x 500mm x 450mm","600mm x 500mm x 450mm"
"2357050","fam_8087e4d190d1","ISSY Adorn Above Counter / Semi Inset Wall Hung Vanity Unit with One Door & Internal Shelf with Petite Handle 500mm x 500mm x 450mm","500mm x 500mm x 450mm"
"2357052","fam_8087e4d190d1","ISSY Adorn Above Counter / Semi Inset Wall Hung Vanity Unit with One Door & Internal Shelf with Petite Handle 600mm x 500mm x 450mm","600mm x 500mm x 450mm"
"2357089","fam_e5020fbf9f1d","ISSY Adorn Above Counter / Semi Inset Wall Hung Vanity Unit with One Drawer & Internal Shelf with Grande Handle 500mm x 500mm x 450mm","500mm x 500mm x 450mm"
"2357091","fam_e5020fbf9f1d","ISSY Adorn Above Counter / Semi Inset Wall Hung Vanity Unit with One Drawer & Internal Shelf with Grande Handle 600mm x 500mm x 450mm","600mm x 500mm x 450mm"
"2357076","fam_c9fc3f604240","ISSY Adorn Above Counter / Semi Inset Wall Hung Vanity Unit with One Drawer & Internal Shelf with Petite Handle 500mm x 500mm x 450mm","500mm x 500mm x 450mm"
"2357078","fam_c9fc3f604240","ISSY Adorn Above Counter / Semi Inset Wall Hung Vanity Unit with One Drawer & Internal Shelf with Petite Handle 600mm x 500mm x 450mm","600mm x 500mm x 450mm"
"2357072","fam_5d4c9835f099","ISSY Adorn Above Counter / Semi Inset Wall Hung Vanity Unit with Three Doors & Internal Shelves with Grande Handle 1500mm x 500mm x 450mm","1500mm x 500mm x 450mm"
"2357074","fam_5d4c9835f099","ISSY Adorn Above Counter / Semi Inset Wall Hung Vanity Unit with Three Doors & Internal Shelves with Grande Handle 1800mm x 500mm x 450mm","1800mm x 500mm x 450mm"
"2357059","fam_8b47f52e1900","ISSY Adorn Above Counter / Semi Inset Wall Hung Vanity Unit with Three Doors & Internal Shelves with Petite Handle 1500mm x 500mm x 450mm","1500mm x 500mm x 450mm"
"2357061","fam_8b47f52e1900","ISSY Adorn Above Counter / Semi Inset Wall Hung Vanity Unit with Three Doors & Internal Shelves with Petite Handle 1800mm x 500mm x 450mm","1800mm x 500mm x 450mm"
"2357098","fam_1ed1f85f2e2d","ISSY Adorn Above Counter / Semi Inset Wall Hung Vanity Unit with Three Drawers & Internal Shelves with Grande Handle 1500mm x 500mm x 450mm","1500mm x 500mm x 450mm"
"2357100","fam_1ed1f85f2e2d","ISSY Adorn Above Counter / Semi Inset Wall Hung Vanity Unit with Three Drawers & Internal Shelves with Grande Handle 1800mm x 500mm x 450mm","1800mm x 500mm x 450mm"
"2357085","fam_e6eaa90da8fe","ISSY Adorn Above Counter / Semi Inset Wall Hung Vanity Unit with Three Drawers & Internal Shelves with Petite Handle 1500mm x 500mm x 450mm","1500mm x 500mm x 450mm"
"2357087","fam_e6eaa90da8fe","ISSY Adorn Above Counter / Semi Inset Wall Hung Vanity Unit with Three Drawers & Internal Shelves with Petite Handle 1800mm x 500mm x 450mm","1800mm x 500mm x 450mm"
"2357068","fam_2261f7483e83","ISSY Adorn Above Counter / Semi Inset Wall Hung Vanity Unit with Two Doors & Internal Shelves with Grande Handle 1000mm x 500mm x 450mm","1000mm x 500mm x 450mm"
"2357070","fam_2261f7483e83","ISSY Adorn Above Counter / Semi Inset Wall Hung Vanity Unit with Two Doors & Internal Shelves with Grande Handle 1200mm x 500mm x 450mm","1200mm x 500mm x 450mm"
"2357055","fam_676668dd068f","ISSY Adorn Above Counter / Semi Inset Wall Hung Vanity Unit with Two Doors & Internal Shelves with Petite Handle 1000mm x 500mm x 450mm","1000mm x 500mm x 450mm"
"2357057","fam_676668dd068f","ISSY Adorn Above Counter / Semi Inset Wall Hung Vanity Unit with Two Doors & Internal Shelves with Petite Handle 1200mm x 500mm x 450mm","1200mm x 500mm x 450mm"
"2357094","fam_db3c4d5a86c0","ISSY Adorn Above Counter / Semi Inset Wall Hung Vanity Unit with Two Drawers & Internal Shelves with Grande Handle 1000mm x 500mm x 450mm","1000mm x 500mm x 450mm"
"2357096","fam_db3c4d5a86c0","ISSY Adorn Above Counter / Semi Inset Wall Hung Vanity Unit with Two Drawers & Internal Shelves with Grande Handle 1200mm x 500mm x 450mm","1200mm x 500mm x 450mm"
"2357081","fam_f44091520cfd","ISSY Adorn Above Counter / Semi Inset Wall Hung Vanity Unit with Two Drawers & Internal Shelves with Petite Handle 1000mm x 500mm x 450mm","1000mm x 500mm x 450mm"
"2357083","fam_f44091520cfd","ISSY Adorn Above Counter / Semi Inset Wall Hung Vanity Unit with Two Drawers & Internal Shelves with Petite Handle 1200mm x 500mm x 450mm","1200mm x 500mm x 450mm"
"2357141","fam_200307110491","ISSY Adorn Undermount Vanity Unit with Legs One Door & Internal Shelf with Grande Handle 500mm x 550mm x 900mm","500mm x 550mm x 900mm"
"2357143","fam_200307110491","ISSY Adorn Undermount Vanity Unit with Legs One Door & Internal Shelf with Grande Handle 600mm x 550mm x 900mm","600mm x 550mm x 900mm"
"2357128","fam_9516cb83c3c0","ISSY Adorn Undermount Vanity Unit with Legs One Door & Internal Shelf with Petite Handle 500mm x 550mm x 900mm","500mm x 550mm x 900mm"
"2357130","fam_9516cb83c3c0","ISSY Adorn Undermount Vanity Unit with Legs One Door & Internal Shelf with Petite Handle 600mm x 550mm x 900mm","600mm x 550mm x 900mm"
"2357150","fam_f1bb229c1025","ISSY Adorn Undermount Vanity Unit with Legs Three Doors & Internal Shelves with Grande Handle 1500mm x 550mm x 900mm","1500mm x 550mm x 900mm"
"2357152","fam_f1bb229c1025","ISSY Adorn Undermount Vanity Unit with Legs Three Doors & Internal Shelves with Grande Handle 1800mm x 550mm x 900mm","1800mm x 550mm x 900mm"
"2357137","fam_e89ef4b3fe45","ISSY Adorn Undermount Vanity Unit with Legs Three Doors & Internal Shelves with Petite Handle 1500mm x 550mm x 900mm","1500mm x 550mm x 900mm"
"2357139","fam_e89ef4b3fe45","ISSY Adorn Undermount Vanity Unit with Legs Three Doors & Internal Shelves with Petite Handle 1800mm x 550mm x 900mm","1800mm x 550mm x 900mm"
"2357146","fam_957eecbc8b64","ISSY Adorn Undermount Vanity Unit with Legs Two Doors & Internal Shelves with Grande Handle 1000mm x 550mm x 900mm","1000mm x 550mm x 900mm"
"2357148","fam_957eecbc8b64","ISSY Adorn Undermount Vanity Unit with Legs Two Doors & Internal Shelves with Grande Handle 1200mm x 550mm x 900mm","1200mm x 550mm x 900mm"
"2357133","fam_da82a81c546d","ISSY Adorn Undermount Vanity Unit with Legs Two Doors & Internal Shelves with Petite Handle 1000mm x 550mm x 900mm","1000mm x 550mm x 900mm"
"2357135","fam_da82a81c546d","ISSY Adorn Undermount Vanity Unit with Legs Two Doors & Internal Shelves with Petite Handle 1200mm x 550mm x 900mm","1200mm x 550mm x 900mm"
"2357115","fam_05f8c7dac817","ISSY Adorn Undermount Wall Hung Vanity Unit with One Door & Internal Shelf with Grande Handle 500mm x 550mm x 650mm","500mm x 550mm x 650mm"
"2357117","fam_05f8c7dac817","ISSY Adorn Undermount Wall Hung Vanity Unit with One Door & Internal Shelf with Grande Handle 600mm x 550mm x 650mm","600mm x 550mm x 650mm"
"2357102","fam_221e08b3653a","ISSY Adorn Undermount Wall Hung Vanity Unit with One Door & Internal Shelf with Petite Handle 500mm x 550mm x 650mm","500mm x 550mm x 650mm"
"2357104","fam_221e08b3653a","ISSY Adorn Undermount Wall Hung Vanity Unit with One Door & Internal Shelf with Petite Handle 600mm x 550mm x 650mm","600mm x 550mm x 650mm"
"2357124","fam_7f9f7256319c","ISSY Adorn Undermount Wall Hung Vanity Unit with Three Doors & Internal Shelf with Grande Handle 1500mm x 550mm x 650mm","1500mm x 550mm x 650mm"
"2357126","fam_7f9f7256319c","ISSY Adorn Undermount Wall Hung Vanity Unit with Three Doors & Internal Shelf with Grande Handle 1800mm x 550mm x 650mm","1800mm x 550mm x 650mm"
"2357111","fam_117d607ec15b","ISSY Adorn Undermount Wall Hung Vanity Unit with Three Doors & Internal Shelf with Petite Handle 1500mm x 550mm x 650mm","1500mm x 550mm x 650mm"
"2357113","fam_117d607ec15b","ISSY Adorn Undermount Wall Hung Vanity Unit with Three Doors & Internal Shelf with Petite Handle 1800mm x 550mm x 650mm","1800mm x 550mm x 650mm"
"2357120","fam_decb78754984","ISSY Adorn Undermount Wall Hung Vanity Unit with Two Doors & Internal Shelf with Grande Handle 1000mm x 550mm x 650mm","1000mm x 550mm x 650mm"
"2357122","fam_decb78754984","ISSY Adorn Undermount Wall Hung Vanity Unit with Two Doors & Internal Shelf with Grande Handle 1200mm x 550mm x 650mm","1200mm x 550mm x 650mm"
"2357107","fam_ea4bae8a4dd3","ISSY Adorn Undermount Wall Hung Vanity Unit with Two Doors & Internal Shelf with Petite Handle 1000mm x 550mm x 650mm","1000mm x 550mm x 650mm"
"2357109","fam_ea4bae8a4dd3","ISSY Adorn Undermount Wall Hung Vanity Unit with Two Doors & Internal Shelf with Petite Handle 1200mm x 550mm x 650mm","1200mm x 550mm x 650mm"
"2399794","fam_c77e27fc3c06","ISSY Ballerina Mirror Oval 325 x 800mm American Oak","325 x 800mm"
"2399788","fam_c77e27fc3c06","ISSY Ballerina Mirror Oval 380 x 900mm American Oak","380 x 900mm"
"2399782","fam_c77e27fc3c06","ISSY Ballerina Mirror Oval 500 x 1000mm American Oak","500 x 1000mm"
"2399789","fam_ae1e26754b6a","ISSY Ballerina Mirror Oval 325 x 800mm Charcoal Oak","325 x 800mm"
"2399783","fam_ae1e26754b6a","ISSY Ballerina Mirror Oval 380 x 900mm Charcoal Oak","380 x 900mm"
"2399777","fam_ae1e26754b6a","ISSY Ballerina Mirror Oval 500 x 1000mm Charcoal Oak","500 x 1000mm"
"2399791","fam_9b9f3902e43f","ISSY Ballerina Mirror Oval 325 x 800mm Hazelnut Oak","325 x 800mm"
"2399785","fam_9b9f3902e43f","ISSY Ballerina Mirror Oval 380 x 900mm Hazelnut Oak","380 x 900mm"
"2399779","fam_9b9f3902e43f","ISSY Ballerina Mirror Oval 500 x 1000mm Hazelnut Oak","500 x 1000mm"
"2399793","fam_8efede8d8af0","ISSY Ballerina Mirror Oval 325 x 800mm Limed Oak","325 x 800mm"
"2399787","fam_8efede8d8af0","ISSY Ballerina Mirror Oval 380 x 900mm Limed Oak","380 x 900mm"
"2399781","fam_8efede8d8af0","ISSY Ballerina Mirror Oval 500 x 1000mm Limed Oak","500 x 1000mm"
"2399792","fam_d20de73cebe9","ISSY Ballerina Mirror Oval 325 x 800mm Pecan Oak","325 x 800mm"
"2399786","fam_d20de73cebe9","ISSY Ballerina Mirror Oval 380 x 900mm Pecan Oak","380 x 900mm"
"2399780","fam_d20de73cebe9","ISSY Ballerina Mirror Oval 500 x 1000mm Pecan Oak","500 x 1000mm"
"2399790","fam_ab726cc977d5","ISSY Ballerina Mirror Oval 325 x 800mm Slate Oak","325 x 800mm"
"2399784","fam_ab726cc977d5","ISSY Ballerina Mirror Oval 380 x 900mm Slate Oak","380 x 900mm"
"2399778","fam_ab726cc977d5","ISSY Ballerina Mirror Oval 500 x 1000mm Slate Oak","500 x 1000mm"
"2399868","fam_fb5902899dbf","ISSY Blossom 1000 x 1000mm Triple Mirror with Shaving Cabinet","1000 x 1000mm"
"2399870","fam_fb5902899dbf","ISSY Blossom 1200 x 1000mm Triple Mirror with Shaving Cabinet","1200 x 1000mm"
"2399872","fam_fb5902899dbf","ISSY Blossom 1500 x 1000mm Triple Mirror with Shaving Cabinet","1500 x 1000mm"
"2399874","fam_fb5902899dbf","ISSY Blossom 1800 x 1000mm Triple Mirror with Shaving Cabinet","1800 x 1000mm"
"2399875","fam_5523654cc7cd","ISSY Blossom 1000 x 1000mm Triple Mirror with Shaving Cabinet (Recessed)","1000 x 1000mm"
"2399877","fam_5523654cc7cd","ISSY Blossom 1200 x 1000mm Triple Mirror with Shaving Cabinet (Recessed)","1200 x 1000mm"
"2399879","fam_5523654cc7cd","ISSY Blossom 1500 x 1000mm Triple Mirror with Shaving Cabinet (Recessed)","1500 x 1000mm"
"2399850","fam_3f4f56073973","ISSY Blossom 325 x 800mm Mirror with Shaving Cabinet","325 x 800mm"
"2399852","fam_3f4f56073973","ISSY Blossom 380 x 900mm Mirror with Shaving Cabinet","380 x 900mm"
"2399856","fam_3f4f56073973","ISSY Blossom 450 x 1800mm Mirror with Shaving Cabinet","450 x 1800mm"
"2399854","fam_3f4f56073973","ISSY Blossom 500 x 1000mm Mirror with Shaving Cabinet","500 x 1000mm"
"2399859","fam_88b1d8ccf34b","ISSY Blossom 325 x 800mm Mirror with Shaving Cabinet (Recessed)","325 x 800mm"
"2399861","fam_88b1d8ccf34b","ISSY Blossom 380 x 900mm Mirror with Shaving Cabinet (Recessed)","380 x 900mm"
"2399865","fam_88b1d8ccf34b","ISSY Blossom 450 x 1800mm Mirror with Shaving Cabinet (Recessed)","450 x 1800mm"
"2399863","fam_88b1d8ccf34b","ISSY Blossom 500 x 1000mm Mirror with Shaving Cabinet (Recessed)","500 x 1000mm"
"2351632","fam_dff4a25403f7","ISSY Blossom I 1000 x 450mm Vanity Unit with Two Soft Close Doors and Internal Shelf with Handle","1000 x 450mm"
"2351633","fam_dff4a25403f7","ISSY Blossom I 1200 x 450mm Vanity Unit with Two Soft Close Doors and Internal Shelf with Handle","1200 x 450mm"
"2352094","fam_bc9fbff128ea","ISSY Blossom I 1500 x 400-500 x 450mm Vanity Unit with Three Soft Close Doors and Internal Shelf with Handle","1500 x 400-500 x 450mm"
"2352095","fam_bc9fbff128ea","ISSY Blossom I 1800 x 400-500 x 450mm Vanity Unit with Three Soft Close Doors and Internal Shelf with Handle","1800 x 400-500 x 450mm"
"2351634","fam_bc9fbff128ea","ISSY Blossom I 1500 x 450mm Vanity Unit with Three Soft Close Doors and Internal Shelf with Handle","1500 x 450mm"
"2351635","fam_bc9fbff128ea","ISSY Blossom I 1800 x 450 Vanity Unit with Three Soft Close Doors and Internal Shelf with Handle","1800 x 450"
"2351630","fam_4e2348a553e3","ISSY Blossom I 500 x 450mm Vanity Unit with One Soft Close Door and Internal Shelf with Handle","500 x 450mm"
"2351631","fam_4e2348a553e3","ISSY Blossom I 600 x 450mm Vanity Unit with One Soft Close Door and Internal Shelf with Handle","600 x 450mm"
"2352100","fam_0a9fabde50a1","ISSY Blossom II 1000 x 400-500 x 450mm Vanity Unit with Two Soft Close Drawers and One Internal Drawer with Handle","1000 x 400-500 x 450mm"
"2352101","fam_0a9fabde50a1","ISSY Blossom II 1200 x 400-500 x 450mm Vanity Unit with Two Soft Close Drawers and One Internal Drawer with Handle","1200 x 400-500 x 450mm"
"2351638","fam_8f6dea3e5cd8","ISSY Blossom II 1000 x 450mm Vanity Unit with Two Soft Close Drawers and Internal Drawer with Handle","1000 x 450mm"
"2351639","fam_8f6dea3e5cd8","ISSY Blossom II 1200 x 450mm Vanity Unit with Two Soft Close Drawers and Internal Drawer with Handle","1200 x 450mm"
"2352102","fam_31238a818979","ISSY Blossom II 1500 x 400-500 x 450mm Vanity Unit with Three Soft Close Drawers and One Internal Drawer with Handle","1500 x 400-500 x 450mm"
"2352103","fam_31238a818979","ISSY Blossom II 1800 x 400-500 x 450mm Vanity Unit with Three Soft Close Drawers and One Internal Drawer with Handle","1800 x 400-500 x 450mm"
"2351640","fam_c850df48b504","ISSY Blossom II 1500 x 450mm Vanity Unit with Three Soft Close Drawers and Internal Drawer with Handle","1500 x 450mm"
"2351641","fam_c850df48b504","ISSY Blossom II 1800 x 450mm Vanity Unit with Three Soft Close Drawers and Internal Drawer with Handle","1800 x 450mm"
"2352098","fam_5706e46f5602","ISSY Blossom II 500 x 400-500 x 450mm Vanity Unit with One Soft Close Drawer Only No Internal Drawer with Handle","500 x 400-500 x 450mm"
"2352099","fam_5706e46f5602","ISSY Blossom II 600 x 400-500 x 450mm Vanity Unit with One Soft Close Drawer Only No Internal Drawer with Handle","600 x 400-500 x 450mm"
"2351636","fam_57f498cf30ea","ISSY Blossom II 500 x 450mm Vanity Unit with One Soft Close Drawer and Internal Shelf with Handle","500 x 450mm"
"2351637","fam_57f498cf30ea","ISSY Blossom II 600 x 450mm Vanity Unit with One Soft Close Drawer and Internal Shelf with Handle","600 x 450mm"
"2399843","fam_e62cc1ab1fa2","ISSY Blossom Mirror 325 x 800mm American Oak","325 x 800mm"
"2399837","fam_e62cc1ab1fa2","ISSY Blossom Mirror 380 x 900mm American Oak","380 x 900mm"
"2399831","fam_e62cc1ab1fa2","ISSY Blossom Mirror 500 x 1000mm American Oak","500 x 1000mm"
"2399838","fam_8c595e2b2d45","ISSY Blossom Mirror 325 x 800mm Charcoal Oak","325 x 800mm"
"2399832","fam_8c595e2b2d45","ISSY Blossom Mirror 380 x 900mm Charcoal Oak","380 x 900mm"
"2399826","fam_8c595e2b2d45","ISSY Blossom Mirror 500 x 1000mm Charcoal Oak","500 x 1000mm"
"2399840","fam_590a7bac2291","ISSY Blossom Mirror 325 x 800mm Hazelnut Oak","325 x 800mm"
"2399834","fam_590a7bac2291","ISSY Blossom Mirror 380 x 900mm Hazelnut Oak","380 x 900mm"
"2399828","fam_590a7bac2291","ISSY Blossom Mirror 500 x 1000mm Hazelnut Oak","500 x 1000mm"
"2399842","fam_65349d851b7d","ISSY Blossom Mirror 325 x 800mm Limed Oak","325 x 800mm"
"2399836","fam_65349d851b7d","ISSY Blossom Mirror 380 x 900mm Limed Oak","380 x 900mm"
"2399830","fam_65349d851b7d","ISSY Blossom Mirror 500 x 1000mm Limed Oak","500 x 1000mm"
"2399841","fam_4f283fe045a7","ISSY Blossom Mirror 325 x 800mm Pecan Oak","325 x 800mm"
"2399835","fam_4f283fe045a7","ISSY Blossom Mirror 380 x 900mm Pecan Oak","380 x 900mm"
"2399829","fam_4f283fe045a7","ISSY Blossom Mirror 500 x 1000mm Pecan Oak","500 x 1000mm"
"2399839","fam_94d1dfff97ad","ISSY Blossom Mirror 325 x 800mm Slate Oak","325 x 800mm"
"2399833","fam_94d1dfff97ad","ISSY Blossom Mirror 380 x 900mm Slate Oak","380 x 900mm"
"2399827","fam_94d1dfff97ad","ISSY Blossom Mirror 500 x 1000mm Slate Oak","500 x 1000mm"
"2321777","fam_0ec5b999c89a","ISSY Butterfly Mirror 1000mm x 930mm","1000mm x 930mm"
"2321779","fam_0ec5b999c89a","ISSY Butterfly Mirror 1500mm x 930mm","1500mm x 930mm"
"2322096","fam_0ec5b999c89a","ISSY Butterfly Mirror 1800mm x 930mm","1800mm x 930mm"
"2321773","fam_0ec5b999c89a","ISSY Butterfly Mirror 500mm x 930mm","500mm x 930mm"
"2321775","fam_0ec5b999c89a","ISSY Butterfly Mirror 700mm x 930mm","700mm x 930mm"
"2354154","fam_3e20f5a777ba","ISSY Cloud Double Mirror with Shaving Cabinet (Recessed) 1000mm x 930mm x 146mm","1000mm x 930mm x 146mm"
"2354156","fam_3e20f5a777ba","ISSY Cloud Double Mirror with Shaving Cabinet (Recessed) 1200mm x 930mm x 146mm","1200mm x 930mm x 146mm"
"2354146","fam_8f2bf140ccf1","ISSY Cloud Double Mirror with Shaving Cabinet 1000mm x 930mm x 146mm","1000mm x 930mm x 146mm"
"2354148","fam_8f2bf140ccf1","ISSY Cloud Double Mirror with Shaving Cabinet 1200mm x 930mm x 146mm","1200mm x 930mm x 146mm"
"2352323","fam_82152b66b125","ISSY Cloud I 1000mm x 500mm x 510mm Wall Hung Vanity Unit 2 Touch Latch Doors (No Basin)","1000mm x 500mm x 510mm"
"2352325","fam_82152b66b125","ISSY Cloud I 1200mm x 500mm x 510mm Wall Hung Vanity Unit 2 Touch Latch Doors (No Basin)","1200mm x 500mm x 510mm"
"2352345","fam_8dd6fad6e0a3","ISSY Cloud I 1000mm x 500mm x 610mm Wall Hung Vanity Unit 2 Touch Latch Doors Semi Inset (No Basin)","1000mm x 500mm x 610mm"
"2352347","fam_8dd6fad6e0a3","ISSY Cloud I 1200mm x 500mm x 610mm Wall Hung Vanity Unit 2 Touch Latch Doors Semi Inset (No Basin)","1200mm x 500mm x 610mm"
"2352264","fam_09fb03121370","ISSY Cloud I 1000mm x 500mm x 760mm Vanity Unit with Legs 2 Touch Latch Doors (No Basin)","1000mm x 500mm x 760mm"
"2352266","fam_09fb03121370","ISSY Cloud I 1200mm x 500mm x 760mm Vanity Unit with Legs 2 Touch Latch Doors (No Basin)","1200mm x 500mm x 760mm"
"2352334","fam_c02738e253d0","ISSY Cloud I 1000mm x 500mm x 860mm Vanity Unit with Legs 2 Touch Latch Doors Semi Inset (No Basin)","1000mm x 500mm x 860mm"
"2352336","fam_c02738e253d0","ISSY Cloud I 1200mm x 500mm x 860mm Vanity Unit with Legs 2 Touch Latch Doors Semi Inset (No Basin)","1200mm x 500mm x 860mm"
"2352327","fam_7b84e013ec5c","ISSY Cloud I 1500mm x 500mm x 510mm Wall Hung Vanity Unit 3 Touch Latch Doors (No Basin)","1500mm x 500mm x 510mm"
"2352329","fam_7b84e013ec5c","ISSY Cloud I 1800mm x 500mm x 510mm Wall Hung Vanity Unit 3 Touch Latch Doors (No Basin)","1800mm x 500mm x 510mm"
"2352349","fam_fb0d33da4721","ISSY Cloud I 1500mm x 500mm x 610mm Wall Hung Vanity Unit 3 Touch Latch Doors Semi Inset (No Basin)","1500mm x 500mm x 610mm"
"2352351","fam_fb0d33da4721","ISSY Cloud I 1800mm x 500mm x 610mm Wall Hung Vanity Unit 3 Touch Latch Doors Semi Inset (No Basin)","1800mm x 500mm x 610mm"
"2352268","fam_aaacb7d62c5a","ISSY Cloud I 1500mm x 500mm x 760mm Vanity Unit with Legs 3 Touch Latch Doors (No Basin)","1500mm x 500mm x 760mm"
"2352270","fam_aaacb7d62c5a","ISSY Cloud I 1800mm x 500mm x 760mm Vanity Unit with Legs 3 Touch Latch Doors (No Basin)","1800mm x 500mm x 760mm"
"2352338","fam_0a5d934f20ff","ISSY Cloud I 1500mm x 500mm x 860mm Vanity Unit with Legs 3 Touch Latch Doors Semi Inset (No Basin)","1500mm x 500mm x 860mm"
"2352340","fam_0a5d934f20ff","ISSY Cloud I 1800mm x 500mm x 860mm Vanity Unit with Legs 3 Touch Latch Doors Semi Inset (No Basin)","1800mm x 500mm x 860mm"
"2352356","fam_c9caf59ecbd2","ISSY Cloud II 1000mm x 500mm x 510mm Wall Hung Vanity Unit 4 Touch Latch Drawers (No Basin)","1000mm x 500mm x 510mm"
"2352358","fam_c9caf59ecbd2","ISSY Cloud II 1200mm x 500mm x 510mm Wall Hung Vanity Unit 4 Touch Latch Drawers (No Basin)","1200mm x 500mm x 510mm"
"2352378","fam_a95ebcc04667","ISSY Cloud II 1000mm x 500mm x 610mm Wall Hung Vanity Unit 4 Touch Latch Drawers Semi Inset (No Basin)","1000mm x 500mm x 610mm"
"2352380","fam_a95ebcc04667","ISSY Cloud II 1200mm x 500mm x 610mm Wall Hung Vanity Unit 4 Touch Latch Drawers Semi Inset (No Basin)","1200mm x 500mm x 610mm"
"2352276","fam_65707ddf7939","ISSY Cloud II 1000mm x 500mm x 760mm Vanity Unit with Legs 4 Touch Latch Drawers (No Basin)","1000mm x 500mm x 760mm"
"2352278","fam_65707ddf7939","ISSY Cloud II 1200mm x 500mm x 760mm Vanity Unit with Legs 4 Touch Latch Drawers (No Basin)","1200mm x 500mm x 760mm"
"2352367","fam_16dc1f0404b1","ISSY Cloud II 1000mm x 500mm x 860mm Vanity Unit with Legs 4 Touch Latch Drawers Semi Inset (No Basin)","1000mm x 500mm x 860mm"
"2352369","fam_16dc1f0404b1","ISSY Cloud II 1200mm x 500mm x 860mm Vanity Unit with Legs 4 Touch Latch Drawers Semi Inset (No Basin)","1200mm x 500mm x 860mm"
"2352360","fam_cda326ae5a48","ISSY Cloud II 1500mm x 500mm x 510mm Wall Hung Vanity Unit 6 Touch Latch Drawers (No Basin)","1500mm x 500mm x 510mm"
"2352362","fam_cda326ae5a48","ISSY Cloud II 1800mm x 500mm x 510mm Wall Hung Vanity Unit 6 Touch Latch Drawers (No Basin)","1800mm x 500mm x 510mm"
"2352382","fam_8e4e9efd8c56","ISSY Cloud II 1500mm x 500mm x 610mm Wall Hung Vanity Unit 6 Touch Latch Drawers Semi Inset (No Basin)","1500mm x 500mm x 610mm"
"2352384","fam_8e4e9efd8c56","ISSY Cloud II 1800mm x 500mm x 610mm Wall Hung Vanity Unit 6 Touch Latch Drawers Semi Inset (No Basin)","1800mm x 500mm x 610mm"
"2352280","fam_17694b8b3ff5","ISSY Cloud II 1500mm x 500mm x 760mm Vanity Unit with Legs 6 Touch Latch Drawers (No Basin)","1500mm x 500mm x 760mm"
"2352282","fam_17694b8b3ff5","ISSY Cloud II 1800mm x 500mm x 760mm Vanity Unit with Legs 6 Touch Latch Drawers (No Basin)","1800mm x 500mm x 760mm"
"2352371","fam_facb21e862c6","ISSY Cloud II 1500mm x 500mm x 860mm Vanity Unit with Legs 6 Touch Latch Drawers Semi Inset (No Basin)","1500mm x 500mm x 860mm"
"2352373","fam_facb21e862c6","ISSY Cloud II 1800mm x 500mm x 860mm Vanity Unit with Legs 6 Touch Latch Drawers Semi Inset (No Basin)","1800mm x 500mm x 860mm"
"2354138","fam_abbfc03f898f","ISSY Cloud Mirror 1000mm x 930mm","1000mm x 930mm"
"2354140","fam_abbfc03f898f","ISSY Cloud Mirror 1200mm x 930mm","1200mm x 930mm"
"2354143","fam_abbfc03f898f","ISSY Cloud Mirror 1500mm x 930mm","1500mm x 930mm"
"2354145","fam_abbfc03f898f","ISSY Cloud Mirror 1800mm x 930mm","1800mm x 930mm"
"2354162","fam_abbfc03f898f","ISSY Cloud Mirror 600mm x 930mm","600mm x 930mm"
"2354159","fam_1ddbe2ae8807","ISSY Cloud Triple Mirror with Shaving Cabinet (Recessed) 1500mm x 930mm x 146mm","1500mm x 930mm x 146mm"
"2354161","fam_1ddbe2ae8807","ISSY Cloud Triple Mirror with Shaving Cabinet (Recessed) 1800mm x 930mm x 146mm","1800mm x 930mm x 146mm"
"2354151","fam_f84d6a8435fb","ISSY Cloud Triple Mirror with Shaving Cabinet 1500mm x 930mm x 146mm","1500mm x 930mm x 146mm"
"2354153","fam_f84d6a8435fb","ISSY Cloud Triple Mirror with Shaving Cabinet 1800mm x 930mm x 146mm","1800mm x 930mm x 146mm"
"2308813","fam_3e3381a4fb40","ISSY Glide 420mm x 1155mm Large Horizontal Mirror Left","420mm x 1155mm"
"2308814","fam_3e3381a4fb40","ISSY Glide 420mm x 1155mm Large Horizontal Mirror Right","420mm x 1155mm"
"2308809","fam_1184aa72c7d3","ISSY Glide 650mm x 450mm Small Vertical Mirror Left","650mm x 450mm"
"2308810","fam_1184aa72c7d3","ISSY Glide 650mm x 450mm Small Vertical Mirror Right","650mm x 450mm"
"2308811","fam_cdf7835156a6","ISSY Glide 945mm x 465mm Large Vertical Mirror Left","945mm x 465mm"
"2308812","fam_cdf7835156a6","ISSY Glide 945mm x 465mm Large Vertical Mirror Right","945mm x 465mm"
"2399891","fam_13ce8bb2ab40","ISSY Halo 1500 x 930mm Rounded Triple Mirror with Shaving Cabinet","1500 x 930mm"
"2399893","fam_13ce8bb2ab40","ISSY Halo 1800 x 930mm Rounded Triple Mirror with Shaving Cabinet","1800 x 930mm"
"2350309","fam_3830e344e25e","ISSY Halo I 1000mm x 450mm x 450mm Vanity Unit with 2 Doors & Internal Shelf with Handle","1000mm x 450mm x 450mm"
"2350310","fam_3830e344e25e","ISSY Halo I 1200mm x 450mm x 450mm Vanity Unit with 2 Doors & Internal Shelf with Handle","1200mm x 450mm x 450mm"
"2350308","fam_3830e344e25e","ISSY Halo I 600mm x 450mm x 450mm Vanity Unit with 2 Doors & Internal Shelf with Handle","600mm x 450mm x 450mm"
"2350304","fam_0b9cf1e02741","ISSY Halo I 1000mm x450mm x450mm Vanity Unit with 2 Doors & Internal Shelf","1000mm x450mm x450mm"
"2350305","fam_0b9cf1e02741","ISSY Halo I 1200mm x 450mm x 450mm Vanity Unit with 2 Doors & Internal Shelf","1200mm x 450mm x 450mm"
"2350303","fam_0b9cf1e02741","ISSY Halo I 600mm x450mm x450mm Vanity Unit with 2 Doors & Internal Shelf","600mm x450mm x450mm"
"2350306","fam_2b0abd6abe99","ISSY Halo I 1500mm x 450mm x 450mm Vanity Unit with 4 Doors & Internal Shelf","1500mm x 450mm x 450mm"
"2350506","fam_2b0abd6abe99","ISSY Halo I 1800mm x 450mm x 450mm Vanity Unit with 4 Doors & Internal Shelf","1800mm x 450mm x 450mm"
"2350311","fam_542b83d976dc","ISSY Halo I 1500mm x 450mm x 450mm Vanity Unit with 4 Doors & Internal Shelf with Handle","1500mm x 450mm x 450mm"
"2350312","fam_542b83d976dc","ISSY Halo I 1800mm x 450mm x 450mm Vanity Unit with 4 Doors & Internal Shelf with Handle","1800mm x 450mm x 450mm"
"2350329","fam_32046be14f48","ISSY Halo II 1000mm x 450mm x 320mm Vanity Unit with 2 Touch Latch Drawers","1000mm x 450mm x 320mm"
"2350330","fam_32046be14f48","ISSY Halo II 1200mm x 450mm x 320mm Vanity Unit with 2 Touch Latch Drawers","1200mm x 450mm x 320mm"
"2350331","fam_1ea98eeed5cd","ISSY Halo II 1500mm x 450mm x 320mm Vanity Unit with 3 Touch Latch Drawers","1500mm x 450mm x 320mm"
"2350332","fam_1ea98eeed5cd","ISSY Halo II 1800mm x 450mm x 320mm Vanity Unit with 3 Touch Latch Drawers","1800mm x 450mm x 320mm"
"2350327","fam_52f01e556f5e","ISSY Halo II 500mm x 450mm x 320mm Vanity Unit with 1 Touch Latch Drawer","500mm x 450mm x 320mm"
"2350328","fam_52f01e556f5e","ISSY Halo II 600mm x 450mm x 320mm Vanity Unit with 1 Touch Latch Drawer","600mm x 450mm x 320mm"
"2350488","fam_13fd576fde17","ISSY Halo III 1000mm x 450mm x 450mm Vanity Unit with 2 Soft Close Drawers & Internal Shelf with Handle","1000mm x 450mm x 450mm"
"2350489","fam_13fd576fde17","ISSY Halo III 1200mm x 450mm x 450mm Vanity Unit with 2 Soft Close Drawers & Internal Shelf with Handle","1200mm x 450mm x 450mm"
"2350482","fam_5bb08fde3b54","ISSY Halo III 1000mm x 450mm x 450mm Vanity Unit with 2 Touch Latch Drawers & Internal Shelf","1000mm x 450mm x 450mm"
"2350483","fam_5bb08fde3b54","ISSY Halo III 1200mm x 450mm x 450mm Vanity Unit with 2 Touch Latch Drawers & Internal Shelf","1200mm x 450mm x 450mm"
"2350490","fam_26423aa31694","ISSY Halo III 1500mm x 450mm x 450mm Vanity Unit with 3 Soft Close Drawers & Internal Shelf with Handle","1500mm x 450mm x 450mm"
"2350491","fam_26423aa31694","ISSY Halo III 1800mm x 450mm x 450mm Vanity Unit with 3 Soft Close Drawers & Internal Shelf with Handle","1800mm x 450mm x 450mm"
"2350484","fam_ad88974b3912","ISSY Halo III 1500mm x 450mm x 450mm Vanity Unit with 3 Touch Latch Drawers & Internal Shelf","1500mm x 450mm x 450mm"
"2350485","fam_ad88974b3912","ISSY Halo III 1800mm x 450mm x 450mm Vanity Unit with 3 Touch Latch Drawers & Internal Shelf","1800mm x 450mm x 450mm"
"2350486","fam_d0d405255aa5","ISSY Halo III 500mm x 450mm x 450mm Vanity Unit with 1 Soft Close Drawer & Internal Shelf with Handle","500mm x 450mm x 450mm"
"2350487","fam_d0d405255aa5","ISSY Halo III 600mm x 450mm x 450mm Vanity Unit with 1 Soft Close Drawer & Internal Shelf with Handle","600mm x 450mm x 450mm"
"2350480","fam_70baf99f39cd","ISSY Halo III 500mm x 450mm x 450mm Vanity Unit with 1 Touch Latch Drawer & Internal Shelf","500mm x 450mm x 450mm"
"2350481","fam_70baf99f39cd","ISSY Halo III 600mm x 450mm x 450mm Vanity Unit with 1 Touch Latch Drawer & Internal Shelf","600mm x 450mm x 450mm"
"2399963","fam_f6f78ea392ff","ISSY Z1 300mm-400mm x 150mm x 600mm-800mm Custom Oval Mirror with Shaving Cabinet","300mm-400mm x 150mm x 600mm-800mm"
"2399965","fam_f6f78ea392ff","ISSY Z1 350mm - 400mm x 150mm x 801mm - 1000mm Custom Oval Mirror with Shaving Cabinet","350mm - 400mm x 150mm x 801mm - 1000mm"
"2322090","fam_b4ad352d58e4","ISSY Z1 325mm x 800mm Recessed Oval Mirror with Shaving Cabinet","325mm x 800mm"
"2322092","fam_b4ad352d58e4","ISSY Z1 380mm x 900mm Recessed Oval Mirror with Shaving Cabinet","380mm x 900mm"
"2322094","fam_b4ad352d58e4","ISSY Z1 500mm x 1000mm Recessed Oval Mirror with Shaving Cabinet","500mm x 1000mm"
"2399964","fam_742673b8386a","ISSY Z1 380mm x 900mm Oval Mirror with Shaving Cabinet","380mm x 900mm"
"2399966","fam_742673b8386a","ISSY Z1 500mm x 1000mm Oval Mirror with Shaving Cabinet","500mm x 1000mm"
"2321788","fam_8a43b622ec2a","ISSY Z8 1201mm - 1600mm x 150mm x 680mm - 980mm Custom Triple Shaving Cabinet","1201mm - 1600mm x 150mm x 680mm - 980mm"
"2399906","fam_8a43b622ec2a","ISSY Z8 1601mm - 1799mm x 150mm x 680mm - 980mm Custom Triple Shaving Cabinet","1601mm - 1799mm x 150mm x 680mm - 980mm"
"2399907","fam_8a43b622ec2a","ISSY Z8 1801mm - 2000mm x 150mm x 680mm - 980mm Custom Triple Shaving Cabinet","1801mm - 2000mm x 150mm x 680mm - 980mm"
"2321795","fam_2aa70e676967","ISSY Z8 1500mm x 150mm x 930mm Recessed Triple Shaving Cabinet","1500mm x 150mm x 930mm"
"2322059","fam_2aa70e676967","ISSY Z8 1800mm x 150mm x 930mm Recessed Triple Shaving Cabinet","1800mm x 150mm x 930mm"
"2321787","fam_48ceead8056c","ISSY Z8 1500mm x 150mm x 930mm Triple Shaving Cabinet","1500mm x 150mm x 930mm"
"2399905","fam_48ceead8056c","ISSY Z8 1800mm x 150mm x 930mm Triple Shaving Cabinet","1800mm x 150mm x 930mm"
"2311315","fam_0da99ed3e541","ISSY Z8 1500mm x 450mm x 390mm Vanity Unit 4/5 Drawers Semi Inset Basin","1500mm x 450mm x 390mm"
"2311317","fam_0da99ed3e541","ISSY Z8 1800mm x 450mm x 390mm Vanity Unit 4/5 Drawers Semi Inset Basin","1800mm x 450mm x 390mm"
"2399908","fam_41b50356911f","ISSY Z8 1601mm - 1799mm x 150mm x 680mm - 980mm Recessed Custom Triple Shaving Cabinet","1601mm - 1799mm x 150mm x 680mm - 980mm"
"2399909","fam_41b50356911f","ISSY Z8 1801mm - 2000mm x 150mm x 680mm - 980mm Recessed Custom Triple Shaving Cabinet","1801mm - 2000mm x 150mm x 680mm - 980mm"
"2399972","fam_764056639261","ISSY Z8 1601mm - 1799mm x 450mm x 390mm Custom Wall Hung Vanity Unit 6 Drawers","1601mm - 1799mm x 450mm x 390mm"
"2399973","fam_764056639261","ISSY Z8 1801mm - 2000mm x 450mm x 390mm Custom Wall Hung Vanity Unit 6 Drawers","1801mm - 2000mm x 450mm x 390mm"
"2321790","fam_826457a68b23","ISSY Z8 400mm - 600mm x 150mm x 680mm - 980mm Custom Recessed Shaving Cabinet","400mm - 600mm x 150mm x 680mm - 980mm"
"2321792","fam_826457a68b23","ISSY Z8 701mm - 900mm x 150mm x 680mm - 980mm Custom Recessed Shaving Cabinet","701mm - 900mm x 150mm x 680mm - 980mm"
"2321782","fam_c533a1f89529","ISSY Z8 400mm - 600mm x 150mm x 680mm - 980mm Custom Shaving Cabinet","400mm - 600mm x 150mm x 680mm - 980mm"
"2321784","fam_c533a1f89529","ISSY Z8 701mm - 900mm x 150mm x 680mm - 980mm Custom Shaving Cabinet","701mm - 900mm x 150mm x 680mm - 980mm"
"2321769","fam_df00fa0f9440","ISSY Z8 450mm x 470mm x 1800mm Tall Boy","450mm x 470mm x 1800mm"
"2321771","fam_df00fa0f9440","ISSY Z8 450mm x 470mm x 2050mm Tall Boy","450mm x 470mm x 2050mm"
"2321781","fam_cc7ea56d6a87","ISSY Z8 500mm x 150mm x 930mm Shaving Cabinet","500mm x 150mm x 930mm"
"2321783","fam_cc7ea56d6a87","ISSY Z8 700mm x 150mm x 930mm Shaving Cabinet","700mm x 150mm x 930mm"
"2311307","fam_1c544b5305bd","ISSY Z8 500mm x 450mm x 390mm Vanity Unit 1 Drawer Semi Inset Basin","500mm x 450mm x 390mm"
"2311309","fam_1c544b5305bd","ISSY Z8 700mm x 450mm x 390mm Vanity Unit 1 Drawer Semi Inset Basin","700mm x 450mm x 390mm"
"2352075","fam_ed116680d9ff","Kado Arc Shaving Cabinet 1200mm x 800mm x 130mm 2 Door Australian Chestnut","1200mm x 800mm x 130mm"
"2352072","fam_ed116680d9ff","Kado Arc Shaving Cabinet 600mm x 800mm x 130mm 2 Door Australian Chestnut","600mm x 800mm x 130mm"
"2352073","fam_ed116680d9ff","Kado Arc Shaving Cabinet 750mm x 800mm x 130mm 2 Door Australian Chestnut","750mm x 800mm x 130mm"
"2352074","fam_ed116680d9ff","Kado Arc Shaving Cabinet 900mm x 800mm x 130mm 2 Door Australian Chestnut","900mm x 800mm x 130mm"
"2356058","fam_e9b3707a8362","Kado Arc Shaving Cabinet 1200mm x 800mm x 130mm 2 Door Red Tulip","1200mm x 800mm x 130mm"
"2356055","fam_e9b3707a8362","Kado Arc Shaving Cabinet 600mm x 800mm x 130mm 2 Door Red Tulip","600mm x 800mm x 130mm"
"2356056","fam_e9b3707a8362","Kado Arc Shaving Cabinet 750mm x 800mm x 130mm 2 Door Red Tulip","750mm x 800mm x 130mm"
"2356057","fam_e9b3707a8362","Kado Arc Shaving Cabinet 900mm x 800mm x 130mm 2 Door Red Tulip","900mm x 800mm x 130mm"
"2352076","fam_e93781dde9d6","Kado Arc Shaving Cabinet 1200mm x 800mm x 130mm 3 Door Australian Chestnut","1200mm x 800mm x 130mm"
"2352077","fam_e93781dde9d6","Kado Arc Shaving Cabinet 1500mm x 800mm x 130mm 3 Door Australian Chestnut","1500mm x 800mm x 130mm"
"2356059","fam_ce02ca26468b","Kado Arc Shaving Cabinet 1200mm x 800mm x 130mm 3 Door Red Tulip","1200mm x 800mm x 130mm"
"2356060","fam_ce02ca26468b","Kado Arc Shaving Cabinet 1500mm x 800mm x 130mm 3 Door Red Tulip","1500mm x 800mm x 130mm"
"2352070","fam_6cdd3ac0bd12","Kado Arc Shaving Cabinet 450mm x 800mm x 130mm 1 Door Australian Chestnut","450mm x 800mm x 130mm"
"2352071","fam_6cdd3ac0bd12","Kado Arc Shaving Cabinet 600mm x 800mm x 130mm 1 Door Australian Chestnut","600mm x 800mm x 130mm"
"2356053","fam_bc48c6a05e1c","Kado Arc Shaving Cabinet 450mm x 800mm x 130mm 1 Door Red Tulip","450mm x 800mm x 130mm"
"2356054","fam_bc48c6a05e1c","Kado Arc Shaving Cabinet 600mm x 800mm x 130mm 1 Door Red Tulip","600mm x 800mm x 130mm"
"31313","fam_de09380c791b","Kado Aspect Rectangle Veil LED Mirror 800mm x 1000mm","800mm x 1000mm"
"31314","fam_de09380c791b","Kado Aspect Rectangle Veil LED Mirror 800mm x 1200mm","800mm x 1200mm"
"31312","fam_de09380c791b","Kado Aspect Rectangle Veil LED Mirror 800mm x 600mm","800mm x 600mm"
"9508620","fam_63ce547b39a8","Kado Lussi 450mm x 450mm LED Mirror","450mm x 450mm"
"9508621","fam_63ce547b39a8","Kado Lussi 600mm x 600mm LED Mirror","600mm x 600mm"
"1704106","fam_af51b7ab99ad","Kado Lux Back to Wall Bath 1500mm x 750mm x 580mm with Overflow Gloss White","1500mm x 750mm x 580mm"
"1704107","fam_af51b7ab99ad","Kado Lux Back to Wall Bath 1500mm x 750mm x 580mm with Overflow Matte White","1500mm x 750mm x 580mm"
"1704108","fam_af51b7ab99ad","Kado Lux Back to Wall Bath 1700mm x 750mm x 580mm with Overflow Gloss White","1700mm x 750mm x 580mm"
"1704109","fam_af51b7ab99ad","Kado Lux Back to Wall Bath 1700mm x 750mm x 580mm with Overflow Matte White","1700mm x 750mm x 580mm"
"9506240","fam_32445bd029b9","Kado Lux Shower Base 1000mm x 1000mm Rear Outlet 3 Tile White","1000mm x 1000mm"
"9506241","fam_32445bd029b9","Kado Lux Shower Base 1200mm x 900mm Rear Outlet 3 Tile White","1200mm x 900mm"
"9506231","fam_5404245ddafc","Kado Lux Shower System 1000mm x 1000mm Rear Outlet Chrome","1000mm x 1000mm"
"9506233","fam_5404245ddafc","Kado Lux Shower System 1200mm x 900mm Rear Outlet Chrome","1200mm x 900mm"
"26954","fam_1e6471a6e66a","Kado Lux Freestanding Bath 1500mm x 700mm x 580mm with Overflow Gloss White","1500mm x 700mm x 580mm"
"26955","fam_1e6471a6e66a","Kado Lux Freestanding Bath 1500mm x 700mm x 580mm with Overflow Matte White","1500mm x 700mm x 580mm"
"29649","fam_1e6471a6e66a","Kado Lux Freestanding Bath 1700mm x 750mm x 580mm with Overflow Gloss White","1700mm x 750mm x 580mm"
"29655","fam_1e6471a6e66a","Kado Lux Freestanding Bath 1700mm x 750mm x 580mm with Overflow Matte White","1700mm x 750mm x 580mm"
"30514","fam_a3e7be959eba","Kado Lux Rectangle Under Counter Basin 500mm x 400mm Overflow White","500mm x 400mm"
"30515","fam_a3e7be959eba","Kado Lux Rectangle Under Counter Basin 600mm x 400mm Overflow White","600mm x 400mm"
"2352712","fam_8fc48058dd02","Kado Neue Arch Mirror 500 x 900mm","500 x 900mm"
"2352713","fam_8fc48058dd02","Kado Neue Arch Mirror 900 x 1050mm","900 x 1050mm"
"9508198","fam_67adaf4184f9","Kado Neue Freestanding Bath 1730 x 780 x 730mm Matte White","1730 x 780 x 730mm"
"9507178","fam_67adaf4184f9","Kado Neue Freestanding Bath 1730 x 780 x 730mm White","1730 x 780 x 730mm"
"9508197","fam_67adaf4184f9","Kado Neue Freestanding Bath 1730 x 780 x 730mm Matte White/Matte Black","1730 x 780 x 730mm"
"2263837","fam_fc6b5616475a","Kaldewei Puro Duo 1700x750x420 with MultiFiller Chrome","1700x750x420"
"2263838","fam_fc6b5616475a","Kaldewei Puro Duo 1700x750x420 with MultiFiller White","1700x750x420"
"2263842","fam_fc6b5616475a","Kaldewei Puro Duo 1800x800x420 with MultiFiller Chrome","1800x800x420"
"2263843","fam_fc6b5616475a","Kaldewei Puro Duo 1800x800x420 with MultiFiller White","1800x800x420"
"2263847","fam_fc6b5616475a","Kaldewei Puro Duo 1900x900x420 with MultiFiller Chrome","1900x900x420"
"2263848","fam_fc6b5616475a","Kaldewei Puro Duo 1900x900x420 with MultiFiller White","1900x900x420"
"2263835","fam_b937731c8e14","Kaldewei Puro Duo 1700x750x420 with Overflow Chrome","1700x750x420"
"2263836","fam_b937731c8e14","Kaldewei Puro Duo 1700x750x420 with Overflow White","1700x750x420"
"2263840","fam_b937731c8e14","Kaldewei Puro Duo 1800x800x420 with Overflow Chrome","1800x800x420"
"2263841","fam_b937731c8e14","Kaldewei Puro Duo 1800x800x420 with Overflow White","1800x800x420"
"2263845","fam_b937731c8e14","Kaldewei Puro Duo 1900x900x420 with Overflow Chrome","1900x900x420"
"2263846","fam_b937731c8e14","Kaldewei Puro Duo 1900x900x420 with Overflow White","1900x900x420"
"2263408","fam_523cd5559eec","Kaldewei Puro Inset Bath with Multifiller 1600mm x 700mm White and Chrome","1600mm x 700mm"
"2263411","fam_523cd5559eec","Kaldewei Puro Inset Bath with Multifiller 1700mm x 750mm White and Chrome","1700mm x 750mm"
"2263414","fam_523cd5559eec","Kaldewei Puro Inset Bath with Multifiller 1800mm x 800mm White and Chrome","1800mm x 800mm"
"1771653","fam_523cd5559eec","Kaldewei Puro Inset Bath with White Multifiller 1600mm x 700mm White","1600mm x 700mm"
"1771649","fam_523cd5559eec","Kaldewei Puro Inset Bath with White Multifiller 1700mm x 750mm White","1700mm x 750mm"
"1771651","fam_523cd5559eec","Kaldewei Puro Inset Bath with White Multifiller 1800mm x 800mm White","1800mm x 800mm"
"2263407","fam_a2460d51c897","Kaldewei Puro Inset Bath with Overflow 1600mm x 700mm White and Chrome","1600mm x 700mm"
"2263410","fam_a2460d51c897","Kaldewei Puro Inset Bath with Overflow 1700mm x 750mm White and Chrome","1700mm x 750mm"
"2263413","fam_a2460d51c897","Kaldewei Puro Inset Bath with Overflow 1800mm x 800mm White and Chrome","1800mm x 800mm"
"1771652","fam_a2460d51c897","Kaldewei Puro Inset Bath with White Overflow 1600mm x 700mm White","1600mm x 700mm"
"1771648","fam_a2460d51c897","Kaldewei Puro Inset Bath with White Overflow 1700mm x 750mm White","1700mm x 750mm"
"1771650","fam_a2460d51c897","Kaldewei Puro Inset Bath with White Overflow 1800mm x 800mm White","1800mm x 800mm"
"9504731","fam_d0e92ae039a4","LAUFEN Kartell 330mm x 280mm x 465mm Stool Fume","330mm x 280mm x 465mm"
"9504572","fam_d0e92ae039a4","LAUFEN Kartell 330mm x 280mm x 465mm Stool Tangerine Orange","330mm x 280mm x 465mm"
"9504732","fam_93c1d647881d","LAUFEN Kartell Rack 750mm x 260mm x 530mm Fume","750mm x 260mm x 530mm"
"9510157","fam_93c1d647881d","LAUFEN Kartell Rack 750mm x 260mm x 530mm Green","750mm x 260mm x 530mm"
"9504574","fam_93c1d647881d","LAUFEN Kartell Rack 750mm x 260mm x 530mm Tangerine Orange","750mm x 260mm x 530mm"
"9504736","fam_ea22ede22477","LAUFEN Kartell Towel Rail 300mm x 75mm x 40mm Fume","300mm x 75mm x 40mm"
"9504737","fam_ea22ede22477","LAUFEN Kartell Towel Rail 600mm x 75mm x 40mm Fume","600mm x 75mm x 40mm"
"9504580","fam_ea22ede22477","LAUFEN Kartell Towel Rail 300mm x 75mm x 40mm Tangerine Orange","300mm x 75mm x 40mm"
"9504582","fam_ea22ede22477","LAUFEN Kartell Towel Rail 600mm x 75mm x 40mm Tangerine Orange","600mm x 75mm x 40mm"
"9504579","fam_87b98da830ae","LAUFEN Kartell Towel Rail 300mm x 75mm x 40mm Transparent Crystal","300mm x 75mm x 40mm"
"9504581","fam_87b98da830ae","LAUFEN Kartell Towel Rail 600mm x 75mm x 40mm Transparent Crystal","600mm x 75mm x 40mm"
"1810924","fam_23f35c7e85a1","LAUFEN Kartell Wall Basin 1 Tap Hole with Overflow 500x460 with Fixing Bolts White","500x460"
"1810925","fam_23f35c7e85a1","LAUFEN Kartell Wall Basin 1 Tap Hole with Overflow 600x460 with Fixing Bolts White","600x460"
"9510110","fam_b5a58c13dd6c","LAUFEN Kartell Wall Basin Only 1 Tap Hole with Over Flow 500x460 White","500x460"
"9510111","fam_b5a58c13dd6c","LAUFEN Kartell Wall Basin Only 1 Tap Hole with Over Flow 600x460 White","600x460"
"9504735","fam_98f722d9df6b","LAUFEN Kartell Wall Mounted Shelf 450mm x 155mm x 40mm Fume","450mm x 155mm x 40mm"
"9504578","fam_98f722d9df6b","LAUFEN Kartell Wall Mounted Shelf 450mm x 155mm x 40mm Tangerine Orange","450mm x 155mm x 40mm"
"1810931","fam_e5f6be9f4e47","LAUFEN Kartell Wall/Counter Basin 1 Tap Hole with Overflow 500x460 with Fixing Bolts","500x460"
"1810932","fam_e5f6be9f4e47","LAUFEN Kartell Wall/Counter Basin 1 Tap Hole with Overflow 600x460 with Fixing Bolts White","600x460"
"1810922","fam_655bcb6bcb0b","LAUFEN Kartell Wall/Counter Basin Left Hand Basin 1 Taphole 460x280 with Fixing Bolts White","460x280"
"1810926","fam_655bcb6bcb0b","LAUFEN Kartell Wall/Counter Basin Left Hand Basin 1 Taphole 600x460 with Fixing Bolts White","600x460"
"1810923","fam_655bcb6bcb0b","LAUFEN Kartell Wall/Counter Basin Right Hand Basin 1 Taphole 460x280 with Fixing Bolts White","460x280"
"1810927","fam_655bcb6bcb0b","LAUFEN Kartell Wall/Counter Basin Right Hand Basin 1 Taphole 600x460 with Fixing Bolts","600x460"
"9510108","fam_34f45a5fd117","LAUFEN Kartell Wall/Counter Basin Only Left Hand Basin 1 Tap Hole 460x280 White","460x280"
"9510112","fam_34f45a5fd117","LAUFEN Kartell Wall/Counter Basin Only Left Hand Basin 1 Tap Hole 600x460 White","600x460"
"9510109","fam_34f45a5fd117","LAUFEN Kartell Wall/Counter Basin Only Right Hand Basin 1 Tap Hole 460x280 White","460x280"
"9510117","fam_ad492bef875d","LAUFEN Kartell Wall/Counter Basin Only 1 Tap Hole with Over Flow 500x460 White","500x460"
"9510118","fam_ad492bef875d","LAUFEN Kartell Wall/Counter Basin Only 1 Tap Hole with Over Flow 600x460 White","600x460"
"1810930","fam_2d146c7d85f3","LAUFEN Kartell Wall/Counter Left Hand Basin 1 Taphole 1200x460 with Fixing Bolts White","1200x460"
"1810928","fam_2d146c7d85f3","LAUFEN Kartell Wall/Counter Left Hand Basin 1 Taphole 900x460 with Fixing Bolts","900x460"
"1810929","fam_2d146c7d85f3","LAUFEN Kartell Wall/Counter Right Hand Basin 1 Taphole 900x460 with Fixing Bolts","900x460"
"9510116","fam_ed02af0efeea","LAUFEN Kartell Wall/Counter Left Hand Basin Only 1 Taphole 1200x460 White","1200x460"
"9510114","fam_ed02af0efeea","LAUFEN Kartell Wall/Counter Left Hand Basin Only 1 Taphole 900x460 White","900x460"
"9510115","fam_ed02af0efeea","LAUFEN Kartell Wall/Counter Right Hand Basin Only 1 Taphole 900x460 White","900x460"
"9505064","fam_0ca639b3c116","LAUFEN Kartell Washbasin with Shelf Right Hand Bowl 600 x 460mm with Fixing Kit 1 Taphole White","600 x 460mm"
"9505062","fam_0ca639b3c116","LAUFEN Kartell Washbasin with Shelf Left Hand Bowl 600 x 460mm with Fixing Kit 1 Taphole White","600 x 460mm"
"9505069","fam_5d7002725868","LAUFEN Kartell Washbasin with Shelf Right Hand Bowl with Fixing Kit No Taphole 900 x 460mm White","900 x 460mm"
"9505063","fam_5d7002725868","LAUFEN Kartell Washbasin with Shelf Left Hand Bowl 600 x 460mm with Fixing Kit No Taphole White","600 x 460mm"
"9504672","fam_e9958c3e8d52","LAUFEN Living Saphirkeramik Counter Basin 360 x 360mm White","360 x 360mm"
"9504673","fam_e9958c3e8d52","LAUFEN Living Saphirkeramik Counter Basin 600 x 340mm White","600 x 340mm"
"9504228","fam_0f6ee72f1c1f","LAUFEN Pro A Wall Basin with Fixings 1 Taphole 550 x 480mm White","550 x 480mm"
"9504229","fam_0f6ee72f1c1f","LAUFEN Pro A Wall Basin with Fixings 1 Taphole 850 x 480mm White","850 x 480mm"
"9504231","fam_0f6ee72f1c1f","LAUFEN Pro A Wall Basin with Fixings 360 x 250mm 1 Taphole White","360 x 250mm"
"1810944","fam_23593eade711","LAUFEN Pro A Wall/Counter Basin 1 Taphole with Overflow 600x480 with Fixing Bolts White","600x480"
"1810945","fam_23593eade711","LAUFEN Pro A Wall/Counter Basin 1 Taphole with Overflow 650x480 with Fixing Bolts White","650x480"
"9510132","fam_b28c9d8ba6f7","LAUFEN Pro A Wall/Counter Basin Only 1 Taphole with Overflow 600x480 White","600x480"
"9510133","fam_b28c9d8ba6f7","LAUFEN Pro A Wall/Counter Basin Only 1 Taphole with Overflow 650x480 White","650x480"
"9510103","fam_d8b3902c139e","LAUFEN Pro Freestanding Bath with Overflow 1500x700 White","1500x700"
"9510102","fam_d8b3902c139e","LAUFEN Pro Freestanding Bath with Overflow 1650x750 White","1650x750"
"1810934","fam_0af2b7e68741","LAUFEN Pro S Double Wall Basin 2 Taphole with Overflow 1200x465 with Fixing Bolts White","1200x465"
"1810933","fam_0af2b7e68741","LAUFEN Pro S Double Wall Basin 2 Taphole with Overflow 1300x465 with Fixing Bolts White","1300x465"
"9510122","fam_88b009169214","LAUFEN Pro S Double Wall Basin Only 2 Taphole with Overflow 1200x465 White","1200x465"
"9510121","fam_88b009169214","LAUFEN Pro S Double Wall Basin Only 2 Taphole with Overflow 1300x465 White","1300x465"
"9510162","fam_7a8bf88f40a5","LAUFEN Pro S Undercounter Basin with Overflow 525x400 White","525x400"
"9504467","fam_7a8bf88f40a5","LAUFEN Pro S Undercounter Basin with Overflow 595x430 White","595x430"
"9510120","fam_7a8bf88f40a5","LAUFEN Pro S Undercounter Basin with Overflow 645x450 White","645x450"
"1810936","fam_b865cf36c673","LAUFEN Pro S Wall Basin 1 Tap Hole with Overflow 1050x465 with Fixing Bolts White","1050x465"
"1810939","fam_b865cf36c673","LAUFEN Pro S Wall Basin 1 Tap Hole with Overflow 650x465 with Fixing Bolts White","650x465"
"1810938","fam_b865cf36c673","LAUFEN Pro S Wall Basin 1 Tap Hole with Overflow 700x465 with Fixing Bolts White","700x465"
"1810937","fam_b865cf36c673","LAUFEN Pro S Wall Basin 1 Tap Hole with Overflow 850x465 with Fixing Bolts White","850x465"
"9510124","fam_1d38a06cb650","LAUFEN Pro S Wall Basin Only 1 TapHole with Overflow 1050x465 White","1050x465"
"9510126","fam_1d38a06cb650","LAUFEN Pro S Wall Basin Only 1 Taphole with Overflow 700x465 White","700x465"
"9510125","fam_1d38a06cb650","LAUFEN Pro S Wall Basin Only 1 Taphole with Overflow 850x465 White","850x465"
"1810942","fam_13988f2536ae","LAUFEN Pro S Wall/Counter Basin Left Hand Basin 1 Taphole with Overflow 360x250 with Fixing Bolts White","360x250"
"1810941","fam_13988f2536ae","LAUFEN Pro S Wall/Counter Basin Left Hand Basin 1 Taphole with Overflow 480x280 with Fixing Bolts White","480x280"
"1810940","fam_13988f2536ae","LAUFEN Pro S Wall/Counter Basin Right Hand Basin 1 Taphole with Overflow 480x280 with Fixing Bolts White","480x280"
"9510130","fam_870023204ada","LAUFEN Pro S Wall/Counter Basin Only Left Hand Basin 1 Taphole with Overflow 360x250 White","360x250"
"9510129","fam_870023204ada","LAUFEN Pro S Wall/Counter Basin Only Left Hand Basin 1 Taphole with Overflow 480x280 White","480x280"
"9510128","fam_870023204ada","LAUFEN Pro S Wall/Counter Basin Only Right Hand Basin 1 Taphole with Overflow 480x280 White","480x280"
"9510131","fam_b151b0d5e01b","LAUFEN Pro S Wall/Counter Basin Only 1 Taphole with Overflow 450x340 White","450x340"
"9510127","fam_b151b0d5e01b","LAUFEN Pro S Wall/Counter Basin Only 1 Taphole with Overflow 650x465 White","650x465"
"9508611","fam_c11bce467e08","LAUFEN Sonar Above Counter Basin 340mm x 340mm White","340mm x 340mm"
"9510138","fam_c11bce467e08","LAUFEN Sonar Above Counter Basin 410mm x 365mm White","410mm x 365mm"
"9509855","fam_c11bce467e08","LAUFEN Sonar Textured Above Counter Basin 340mm x 340mm White","340mm x 340mm"
"9508612","fam_c11bce467e08","LAUFEN Sonar Textured Above Counter Basin 410mm x 365mm White","410mm x 365mm"
"9510135","fam_d471c56ad3cc","LAUFEN Sonar Wall Basin Only with Overflow 1 Taphole 410x420 White","410x420"
"9510136","fam_d471c56ad3cc","LAUFEN Sonar Wall Basin Only with Overflow 1 Taphole 600x420 White","600x420"
"1810946","fam_429d72ba0aa0","LAUFEN Sonar Wall Basin with Overflow 1 Taphole 410x420 with Fixing Bolts White","410x420"
"1810947","fam_429d72ba0aa0","LAUFEN Sonar Wall Basin with Overflow 1 Taphole 600x420 with Fixing Bolts White","600x420"
"9509861","fam_0353c68fdb29","LAUFEN The New Classic Above Counter Basin 550mm x 380mm","550mm x 380mm"
"1860673","fam_0353c68fdb29","LAUFEN The New Classic Above Counter Basin 550mm x 380mm Matte White","550mm x 380mm"
"1810951","fam_9f24b0f15a7d","LAUFEN Val Wall Basin Left Hand Basin 1 Taphole with Overflow 550x315 with Fixing Bolts White","550x315"
"1810952","fam_9f24b0f15a7d","LAUFEN Val Wall Basin Right Hand Basin 1 Taphole with Overflow 550x315 with Fixing Bolts White","550x315"
"9510143","fam_af1af65d5916","LAUFEN Val Wall Basin Only Left Hand Basin 1 Taphole with Over Flow 550x315 White","550x315"
"9510144","fam_af1af65d5916","LAUFEN Val Wall Basin Only Right Hand Basin 1 Taphole with Over Flow 550x315 White","550x315"
"1810959","fam_6efbf36c1679","LAUFEN Val Wall/Counter Basin 1 Taphole with Overflow 600x310 with Fixing Bolts White","600x310"
"1810955","fam_6efbf36c1679","LAUFEN Val Wall/Counter Basin 1 Taphole with Overflow 650x420 with Fixing Bolts White","650x420"
"9510145","fam_f4f2c5aecfcf","LAUFEN Val Wall/Counter Basin Only 1 Taphole with Overflow 400x425 White","400x425"
"9510148","fam_f4f2c5aecfcf","LAUFEN Val Wall/Counter Basin Only 1 Taphole with Overflow 650x420 White","650x420"
"9510146","fam_447fc88e70a7","LAUFEN Val Wall/Counter Basin Only 1 Taphole with Overflow 530x400 Internal Texture White","530x400"
"9510147","fam_447fc88e70a7","LAUFEN Val Wall/Counter Basin Only 1 Taphole with Overflow 600x310 Internal Texture White","600x310"
"2299638","fam_f8802d6ec086","Milli Mood Edit Heated Towel Rail 500 x 1100mm Brushed Gold","500 x 1100mm"
"2299551","fam_f8802d6ec086","Milli Mood Edit Heated Towel Rail 500 x 1100mm Brushed Nickel","500 x 1100mm"
"2299543","fam_f8802d6ec086","Milli Mood Edit Heated Towel Rail 500 x 1100mm Chrome","500 x 1100mm"
"2299547","fam_f8802d6ec086","Milli Mood Edit Heated Towel Rail 500 x 1100mm Matte Black","500 x 1100mm"
"2299555","fam_f8802d6ec086","Milli Mood Edit Heated Towel Rail 500 x 1100mm Brushed Gunmetal","500 x 1100mm"
"2299636","fam_f8802d6ec086","Milli Mood Edit Heated Towel Rail 500 x 800mm Brushed Gold","500 x 800mm"
"2299549","fam_f8802d6ec086","Milli Mood Edit Heated Towel Rail 500 x 800mm Brushed Nickel","500 x 800mm"
"2299541","fam_f8802d6ec086","Milli Mood Edit Heated Towel Rail 500 x 800mm Chrome","500 x 800mm"
"2299545","fam_f8802d6ec086","Milli Mood Edit Heated Towel Rail 500 x 800mm Matte Black","500 x 800mm"
"2299553","fam_f8802d6ec086","Milli Mood Edit Heated Towel Rail 500 x 800mm Brushed Gunmetal","500 x 800mm"
"2299639","fam_f8802d6ec086","Milli Mood Edit Heated Towel Rail 800 x 1100mm Brushed Gold","800 x 1100mm"
"2299552","fam_f8802d6ec086","Milli Mood Edit Heated Towel Rail 800 x 1100mm Brushed Nickel","800 x 1100mm"
"2299544","fam_f8802d6ec086","Milli Mood Edit Heated Towel Rail 800 x 1100mm Chrome","800 x 1100mm"
"2299548","fam_f8802d6ec086","Milli Mood Edit Heated Towel Rail 800 x 1100mm Matte Black","800 x 1100mm"
"2299556","fam_f8802d6ec086","Milli Mood Edit Heated Towel Rail 800 x 1100mm Brushed Gunmetal","800 x 1100mm"
"2299637","fam_f8802d6ec086","Milli Mood Edit Heated Towel Rail 800 x 800mm Brushed Gold","800 x 800mm"
"2299550","fam_f8802d6ec086","Milli Mood Edit Heated Towel Rail 800 x 800mm Brushed Nickel","800 x 800mm"
"2299542","fam_f8802d6ec086","Milli Mood Edit Heated Towel Rail 800 x 800mm Chrome","800 x 800mm"
"2299546","fam_f8802d6ec086","Milli Mood Edit Heated Towel Rail 800 x 800mm Matte Black","800 x 800mm"
"2299554","fam_f8802d6ec086","Milli Mood Edit Heated Towel Rail 800 x 800mm Brushed Gunmetal","800 x 800mm"
"119564","fam_93c748b61e39","Milli Mood Edit Swivel Heated Towel Rail 400 x 1235mm Chrome","400 x 1235mm"
"133911","fam_93c748b61e39","Milli Mood Edit Swivel Heated Towel Rail 400 x 1235mm Matte Black","400 x 1235mm"
"119562","fam_93c748b61e39","Milli Mood Edit Swivel Heated Towel Rail 400 x 635mm Chrome","400 x 635mm"
"133909","fam_93c748b61e39","Milli Mood Edit Swivel Heated Towel Rail 400 x 635mm Matte Black","400 x 635mm"
"119563","fam_93c748b61e39","Milli Mood Edit Swivel Heated Towel Rail 400 x 945mm Chrome","400 x 945mm"
"133910","fam_93c748b61e39","Milli Mood Edit Swivel Heated Towel Rail 400 x 945mm Matte Black","400 x 945mm"
"119569","fam_5cdedffd9e95","Milli Mood Edit Swivel Non Heated Towel Rail 400 x 1235mm Chrome","400 x 1235mm"
"119566","fam_5cdedffd9e95","Milli Mood Edit Swivel Non Heated Towel Rail 400 x 635mm Chrome","400 x 635mm"
"119568","fam_5cdedffd9e95","Milli Mood Edit Swivel Non Heated Towel Rail 400 x 945mm Chrome","400 x 945mm"
"2299129","fam_586d3bc057bf","Milli Mood Edit Vertical Single Heated Towel Rail 900 x 38mm Brushed Nickel","900 x 38mm"
"2299127","fam_586d3bc057bf","Milli Mood Edit Vertical Single Heated Towel Rail 900 x 38mm Chrome","900 x 38mm"
"2299135","fam_586d3bc057bf","Milli Mood Edit Vertical Single Heated Towel Rail 900 x 38mm Matte Black","900 x 38mm"
"2020374","fam_b3099bb903fb","Milli Mood Edit Vertical Single Heated Towel Rail 900 x 38mm PVD Brushed Gunmetal","900 x 38mm"
"2020377","fam_b3099bb903fb","Milli Mood Edit Vertical Single Heated Towel Rail 900 x 38mm PVD Brushed Bronze","900 x 38mm"
"2020371","fam_b3099bb903fb","Milli Mood Edit Vertical Single Heated Towel Rail 900 x 38mm PVD Brushed Gold","900 x 38mm"
"2299130","fam_ac5e627d8661","Milli Mood Edit Vertical Triple Heated Towel Rail 900 x 38mm Brushed Nickel","900 x 38mm"
"2299128","fam_ac5e627d8661","Milli Mood Edit Vertical Triple Heated Towel Rail 900 x 38mm Chrome","900 x 38mm"
"2299136","fam_ac5e627d8661","Milli Mood Edit Vertical Triple Heated Towel Rail 900 x 38mm Matte Black","900 x 38mm"
"2020375","fam_cb718556907d","Milli Mood Edit Vertical Triple Heated Towel Rail 900 x 38mm PVD Brushed Gunmetal","900 x 38mm"
"2020378","fam_cb718556907d","Milli Mood Edit Vertical Triple Heated Towel Rail 900 x 38mm PVD Brushed Bronze","900 x 38mm"
"2020372","fam_cb718556907d","Milli Mood Edit Vertical Triple Heated Towel Rail 900 x 38mm PVD Brushed Gold","900 x 38mm"
"9511215","fam_f92fc196e6eb","Mizu Bloc MK2 550 x 1050mm Heated Towel Rail Low Voltage 24V Matte Black","550 x 1050mm"
"9511213","fam_f92fc196e6eb","Mizu Bloc MK2 550 x 800mm Heated Towel Rail Low Voltage 24V Matte Black","550 x 800mm"
"9511219","fam_f92fc196e6eb","Mizu Bloc MK2 750 x 1050mm Heated Towel Rail Low Voltage 24V Matte Black","750 x 1050mm"
"9511217","fam_f92fc196e6eb","Mizu Bloc MK2 750 x 800mm Heated Towel Rail Low Voltage 24V Matte Black","750 x 800mm"
"9511214","fam_f92fc196e6eb","Mizu Bloc MK2 550 x 1050mm Heated Towel Rail Low Voltage 24V Polished Stainless Steel","550 x 1050mm"
"9511212","fam_f92fc196e6eb","Mizu Bloc MK2 550 x 800mm Heated Towel Rail Low Voltage 24V Polished Stainless Steel","550 x 800mm"
"9511216","fam_f92fc196e6eb","Mizu Bloc MK2 750 x 800mm Heated Towel Rail Low Voltage 24V Polished Stainless Steel","750 x 800mm"
"9511190","fam_27925145aa27","Mizu Bloc MK2 550 x 1050mm Heated Towel Rail Only (Less Transformer) Matte Black","550 x 1050mm"
"9511189","fam_27925145aa27","Mizu Bloc MK2 550 x 1050mm Heated Towel Rail Only (Less Transformer) Polished Stainless Steel","550 x 1050mm"
"9511188","fam_27925145aa27","Mizu Bloc MK2 550 x 800mm Heated Towel Rail Only (Less Transformer) Matte Black","550 x 800mm"
"9511187","fam_27925145aa27","Mizu Bloc MK2 550 x 800mm Heated Towel Rail Only (Less Transformer) Polished Stainless Steel","550 x 800mm"
"9511194","fam_27925145aa27","Mizu Bloc MK2 750 x 1050mm Heated Towel Rail Only (Less Transformer) Matte Black","750 x 1050mm"
"9511192","fam_27925145aa27","Mizu Bloc MK2 750 x 800mm Heated Towel Rail Only (Less Transformer) Matte Black","750 x 800mm"
"9511191","fam_27925145aa27","Mizu Bloc MK2 750 x 800mm Heated Towel Rail Only (Less Transformer) Polished Stainless Steel","750 x 800mm"
"2266712","fam_8e3e26589142","Mizu Drift 1110 x 1030 x 600 x 90 Degree Accessible Grab Rail Modular Left Hand Brushed Brass","1110 x 1030 x 600"
"2266551","fam_8e3e26589142","Mizu Drift 1110 x 1030 x 600 x 90 Degree Accessible Grab Rail Modular Left Hand Matte Black","1110 x 1030 x 600"
"2266552","fam_8e3e26589142","Mizu Drift 1110 x 1030 x 600 x 90 Degree Accessible Grab Rail Modular Left Hand Brushed Gunmetal","1110 x 1030 x 600"
"2266549","fam_8e3e26589142","Mizu Drift 1110 x 1030 x 600 x 90 Degree Accessible Grab Rail Modular Left Hand Brushed Stainless Steel","1110 x 1030 x 600"
"2266550","fam_8e3e26589142","Mizu Drift 1110 x 1030 x 600 x 90 Degree Accessible Grab Rail Modular Left Hand Polished Stainless Steel","1110 x 1030 x 600"
"2266713","fam_8e3e26589142","Mizu Drift 1110 x 1030 x 600 x 90 Degree Accessible Grab Rail Modular Right Hand Brushed Brass","1110 x 1030 x 600"
"2266555","fam_8e3e26589142","Mizu Drift 1110 x 1030 x 600 x 90 Degree Accessible Grab Rail Modular Right Hand Matte Black","1110 x 1030 x 600"
"2266556","fam_8e3e26589142","Mizu Drift 1110 x 1030 x 600 x 90 Degree Accessible Grab Rail Modular Right Hand Brushed Gunmetal","1110 x 1030 x 600"
"2266553","fam_8e3e26589142","Mizu Drift 1110 x 1030 x 600 x 90 Degree Accessible Grab Rail Modular Right Hand Brushed Stainless Steel","1110 x 1030 x 600"
"2266554","fam_8e3e26589142","Mizu Drift 1110 x 1030 x 600 x 90 Degree Accessible Grab Rail Modular Right Hand Polished Stainless Steel","1110 x 1030 x 600"
"2266704","fam_8f380393a7a9","Mizu Drift 450 x 450 x 40 Degree Ambulant Toilet Grab Rail Left Hand Brushed Brass","450 x 450 x 40"
"2266519","fam_8f380393a7a9","Mizu Drift 450 x 450 x 40 Degree Ambulant Toilet Grab Rail Left Hand Matte Black","450 x 450 x 40"
"2266520","fam_8f380393a7a9","Mizu Drift 450 x 450 x 40 Degree Ambulant Toilet Grab Rail Left Hand Brushed Gunmetal","450 x 450 x 40"
"2266517","fam_8f380393a7a9","Mizu Drift 450 x 450 x 40 Degree Ambulant Toilet Grab Rail Left Hand Brushed Stainless Steel","450 x 450 x 40"
"2266518","fam_8f380393a7a9","Mizu Drift 450 x 450 x 40 Degree Ambulant Toilet Grab Rail Left Hand Polished Stainless Steel","450 x 450 x 40"
"2266706","fam_8f380393a7a9","Mizu Drift 450 x 450 x 90 Degree Ambulant Toilet Grab Rail Left Hand Brushed Brass","450 x 450 x 90"
"2266527","fam_8f380393a7a9","Mizu Drift 450 x 450 x 90 Degree Ambulant Toilet Grab Rail Left Hand Matte Black","450 x 450 x 90"
"2266528","fam_8f380393a7a9","Mizu Drift 450 x 450 x 90 Degree Ambulant Toilet Grab Rail Left Hand Brushed Gunmetal","450 x 450 x 90"
"2266525","fam_8f380393a7a9","Mizu Drift 450 x 450 x 90 Degree Ambulant Toilet Grab Rail Left Hand Brushed Stainless Steel","450 x 450 x 90"
"2266526","fam_8f380393a7a9","Mizu Drift 450 x 450 x 90 Degree Ambulant Toilet Grab Rail Left Hand Polished Stainless Steel","450 x 450 x 90"
"2266705","fam_8f380393a7a9","Mizu Drift 450 x 450 x 40 Degree Ambulant Toilet Grab Rail Right Hand Brushed Brass","450 x 450 x 40"
"2266523","fam_8f380393a7a9","Mizu Drift 450 x 450 x 40 Degree Ambulant Toilet Grab Rail Right Hand Matte Black","450 x 450 x 40"
"2266524","fam_8f380393a7a9","Mizu Drift 450 x 450 x 40 Degree Ambulant Toilet Grab Rail Right Hand Brushed Gunmetal","450 x 450 x 40"
"2266521","fam_8f380393a7a9","Mizu Drift 450 x 450 x 40 Degree Ambulant Toilet Grab Rail Right Hand Brushed Stainless Steel","450 x 450 x 40"
"2266522","fam_8f380393a7a9","Mizu Drift 450 x 450 x 40 Degree Ambulant Toilet Grab Rail Right Hand Polished Stainless Steel","450 x 450 x 40"
"2266707","fam_8f380393a7a9","Mizu Drift 450 x 450 x 90 Degree Ambulant Toilet Grab Rail Right Hand Brushed Brass","450 x 450 x 90"
"2266531","fam_8f380393a7a9","Mizu Drift 450 x 450 x 90 Degree Ambulant Toilet Grab Rail Right Hand Matte Black","450 x 450 x 90"
"2266532","fam_8f380393a7a9","Mizu Drift 450 x 450 x 90 Degree Ambulant Toilet Grab Rail Right Hand Brushed Gunmetal","450 x 450 x 90"
"2266529","fam_8f380393a7a9","Mizu Drift 450 x 450 x 90 Degree Ambulant Toilet Grab Rail Right Hand Brushed Stainless Steel","450 x 450 x 90"
"2266530","fam_8f380393a7a9","Mizu Drift 450 x 450 x 90 Degree Ambulant Toilet Grab Rail Right Hand Polished Stainless Steel","450 x 450 x 90"
"2266709","fam_a02b60e69922","Mizu Drift 840 x 715 x 40 Degree Accessible Toilet Grab Rail Modular Right Hand Brushed Brass","840 x 715 x 40"
"2266539","fam_a02b60e69922","Mizu Drift 840 x 715 x 40 Degree Accessible Toilet Grab Rail Modular Right Hand Matte Black","840 x 715 x 40"
"2266540","fam_a02b60e69922","Mizu Drift 840 x 715 x 40 Degree Accessible Toilet Grab Rail Modular Right Hand Brushed Gunmetal","840 x 715 x 40"
"2266537","fam_a02b60e69922","Mizu Drift 840 x 715 x 40 Degree Accessible Toilet Grab Rail Modular Right Hand Brushed Stainless Steel","840 x 715 x 40"
"2266538","fam_a02b60e69922","Mizu Drift 840 x 715 x 40 Degree Accessible Toilet Grab Rail Modular Right Hand Polished Stainless Steel","840 x 715 x 40"
"2266711","fam_a02b60e69922","Mizu Drift 935 x 600 x 90 Degree Accessible Toilet Grab Rail Modular Right Hand Brushed Brass","935 x 600 x 90"
"2266547","fam_a02b60e69922","Mizu Drift 935 x 600 x 90 Degree Accessible Toilet Grab Rail Modular Right Hand Matte Black","935 x 600 x 90"
"2266548","fam_a02b60e69922","Mizu Drift 935 x 600 x 90 Degree Accessible Toilet Grab Rail Modular Right Hand Brushed Gunmetal","935 x 600 x 90"
"2266545","fam_a02b60e69922","Mizu Drift 935 x 600 x 90 Degree Accessible Toilet Grab Rail Modular Right Hand Brushed Stainless Steel","935 x 600 x 90"
"2266546","fam_a02b60e69922","Mizu Drift 935 x 600 x 90 Degree Accessible Toilet Grab Rail Modular Right Hand Polished Stainless Steel","935 x 600 x 90"
"2266708","fam_a02b60e69922","Mizu Drift 840 x 715 x 40 Degree Accessible Toilet Grab Rail Modular Left Hand Brushed Brass","840 x 715 x 40"
"2266535","fam_a02b60e69922","Mizu Drift 840 x 715 x 40 Degree Accessible Toilet Grab Rail Modular Left Hand Matte Black","840 x 715 x 40"
"2266536","fam_a02b60e69922","Mizu Drift 840 x 715 x 40 Degree Accessible Toilet Grab Rail Modular Left Hand Brushed Gunmetal","840 x 715 x 40"
"2266533","fam_a02b60e69922","Mizu Drift 840 x 715 x 40 Degree Accessible Toilet Grab Rail Modular Left Hand Brushed Stainless Steel","840 x 715 x 40"
"2266710","fam_a02b60e69922","Mizu Drift 935 x 600 x 90 Degree Accessible Toilet Grab Rail Modular Left Hand Brushed Brass","935 x 600 x 90"
"2266543","fam_a02b60e69922","Mizu Drift 935 x 600 x 90 Degree Accessible Toilet Grab Rail Modular Left Hand Matte Black","935 x 600 x 90"
"2266544","fam_a02b60e69922","Mizu Drift 935 x 600 x 90 Degree Accessible Toilet Grab Rail Modular Left Hand Brushed Gunmetal","935 x 600 x 90"
"2266541","fam_a02b60e69922","Mizu Drift 935 x 600 x 90 Degree Accessible Toilet Grab Rail Modular Left Hand Brushed Stainless Steel","935 x 600 x 90"
"2266542","fam_a02b60e69922","Mizu Drift 935 x 600 x 90 Degree Accessible Toilet Grab Rail Modular Left Hand Polished Stainless Steel","935 x 600 x 90"
"2265150","fam_c82dba303617","Mizu Drift Assisted Living 300 x 400mm 90 Degree Angled Grab Rail Brushed Nickel","300 x 400mm"
"2265148","fam_c82dba303617","Mizu Drift Assisted Living 300 x 400mm 90 Degree Angled Grab Rail Chrome","300 x 400mm"
"2265149","fam_c82dba303617","Mizu Drift Assisted Living 300 x 400mm 90 Degree Angled Grab Rail Matte Black","300 x 400mm"
"2265146","fam_ce86af1abb42","Mizu Drift Assisted Living Angled Grab Rail Left 260mm x 346mm 135 Degree Brushed Nickel","260mm x 346mm"
"2218614","fam_ce86af1abb42","Mizu Drift Assisted Living Angled Grab Rail Left 260mm x 346mm 135 Degree Matte Black","260mm x 346mm"
"2265147","fam_ce86af1abb42","Mizu Drift Assisted Living Angled Grab Rail Right 260mm x 346mm 135 Degree Brushed Nickel","260mm x 346mm"
"2218612","fam_ce86af1abb42","Mizu Drift Assisted Living Angled Grab Rail Right 260mm x 346mm 135 Degree Matte Black","260mm x 346mm"
"2218613","fam_a2f01dd487f8","Mizu Drift Assisted Living Angled Grab Rail Left 260mm x 346mm 135 Degree Chrome Plated","260mm x 346mm"
"2218611","fam_a2f01dd487f8","Mizu Drift Assisted Living Angled Grab Rail Right 260mm x 346mm 135 Degree Chrome Plated","260mm x 346mm"
"2266575","fam_d68d8e779706","Mizu Drift Shower Seat 960 x 400mm Brushed Stainless Steel","960 x 400mm"
"2266576","fam_d68d8e779706","Mizu Drift Shower Seat 960 x 400mm Polished Stainless Steel","960 x 400mm"
"2266577","fam_d68d8e779706","Mizu Drift Shower Seat 960 x 400mm Matte Black","960 x 400mm"
"2266578","fam_d68d8e779706","Mizu Drift Shower Seat 960 x 400mm White","960 x 400mm"
"9508102","fam_fba1f1c7f887","Mizu Drift Heated Towel Rail 550 x 1050mm Polished Stainless Steel","550 x 1050mm"
"9508101","fam_fba1f1c7f887","Mizu Drift Heated Towel Rail 550 x 850mm Polished Stainless Steel","550 x 850mm"
"9506132","fam_fba1f1c7f887","Mizu Drift Heated Towel Rail 760 x 1050mm Polished Stainless Steel","760 x 1050mm"
"9506131","fam_fba1f1c7f887","Mizu Drift Heated Towel Rail 760 x 850mm Polished Stainless Steel","760 x 850mm"
"9512412","fam_02f54e8419dc","Mizu Drift MK2 550 x 1050mm Heated Towel Rail Low Voltage 24V Brushed Brass","550 x 1050mm"
"9511202","fam_02f54e8419dc","Mizu Drift MK2 550 x 1050mm Heated Towel Rail Low Voltage 24V Matte Black","550 x 1050mm"
"2007894","fam_02f54e8419dc","Mizu Drift MK2 550 x 1050mm Heated Towel Rail Low Voltage 24V Brushed Gunmetal","550 x 1050mm"
"9512410","fam_02f54e8419dc","Mizu Drift MK2 550 x 800mm Heated Towel Rail Low Voltage 24V Brushed Brass","550 x 800mm"
"33535","fam_02f54e8419dc","Mizu Drift MK2 550 x 800mm Heated Towel Rail Low Voltage 24V Brushed Bronze","550 x 800mm"
"9511198","fam_02f54e8419dc","Mizu Drift MK2 550 x 800mm Heated Towel Rail Low Voltage 24V Matte Black","550 x 800mm"
"2007893","fam_02f54e8419dc","Mizu Drift MK2 550 x 800mm Heated Towel Rail Low Voltage 24V Brushed Gunmetal","550 x 800mm"
"2007896","fam_02f54e8419dc","Mizu Drift MK2 750 x 1050mm Heated Towel Rail Low Voltage 24V Brushed Gunmetal","750 x 1050mm"
"9511210","fam_02f54e8419dc","Mizu Drift MK2 750 x 1050mm Heated Towel Rail Low Voltage 24V Matte Black","750 x 1050mm"
"9512411","fam_02f54e8419dc","Mizu Drift MK2 750 x 800mm Heated Towel Rail Low Voltage 24V Brushed Brass","750 x 800mm"
"33536","fam_02f54e8419dc","Mizu Drift MK2 750 x 800mm Heated Towel Rail Low Voltage 24V Brushed Bronze","750 x 800mm"
"9511206","fam_02f54e8419dc","Mizu Drift MK2 750 x 800mm Heated Towel Rail Low Voltage 24V Matte Black","750 x 800mm"
"2007895","fam_02f54e8419dc","Mizu Drift MK2 750 x 800mm Heated Towel Rail Low Voltage 24V Brushed Gunmetal","750 x 800mm"
"9511201","fam_02f54e8419dc","Mizu Drift MK2 550 x 1050mm Heated Towel Rail Low Voltage 24V Brushed Stainless Steel","550 x 1050mm"
"9511200","fam_02f54e8419dc","Mizu Drift MK2 550 x 1050mm Heated Towel Rail Low Voltage 24V Polished Stainless Steel","550 x 1050mm"
"9511197","fam_02f54e8419dc","Mizu Drift MK2 550 x 800mm Heated Towel Rail Low Voltage 24V Brushed Stainless Steel","550 x 800mm"
"9511196","fam_02f54e8419dc","Mizu Drift MK2 550 x 800mm Heated Towel Rail Low Voltage 24V Polished Stainless Steel","550 x 800mm"
"9511209","fam_02f54e8419dc","Mizu Drift MK2 750 x 1050mm Heated Towel Rail Low Voltage 24V Brushed Stainless Steel","750 x 1050mm"
"9511208","fam_02f54e8419dc","Mizu Drift MK2 750 x 1050mm Heated Towel Rail Low Voltage 24V Polished Stainless Steel","750 x 1050mm"
"9511205","fam_02f54e8419dc","Mizu Drift MK2 750 x 800mm Heated Towel Rail Low Voltage 24V Brushed Stainless Steel","750 x 800mm"
"9511204","fam_02f54e8419dc","Mizu Drift MK2 750 x 800mm Heated Towel Rail Low Voltage 24V Polished Stainless Steel","750 x 800mm"
"9512407","fam_f0cd0c945264","Mizu Drift MK2 550 x 1050mm Heated Towel Rail Only (Less Transformer) Brushed Brass","550 x 1050mm"
"2007488","fam_f0cd0c945264","Mizu Drift MK2 550 x 1050mm Heated Towel Rail Only (Less Transformer) Brushed Gunmetal","550 x 1050mm"
"9511176","fam_f0cd0c945264","Mizu Drift MK2 550 x 1050mm Heated Towel Rail Only (Less Transformer) Brushed Stainless Steel","550 x 1050mm"
"9511177","fam_f0cd0c945264","Mizu Drift MK2 550 x 1050mm Heated Towel Rail Only (Less Transformer) Matte Black","550 x 1050mm"
"9511175","fam_f0cd0c945264","Mizu Drift MK2 550 x 1050mm Heated Towel Rail Only (Less Transformer) Polished Stainless Steel","550 x 1050mm"
"9512405","fam_f0cd0c945264","Mizu Drift MK2 550 x 800mm Heated Towel Rail Only (Less Transformer) Brushed Brass","550 x 800mm"
"2004725","fam_f0cd0c945264","Mizu Drift MK2 550 x 800mm Heated Towel Rail Only (Less Transformer) Brushed Bronze","550 x 800mm"
"2007486","fam_f0cd0c945264","Mizu Drift MK2 550 x 800mm Heated Towel Rail Only (Less Transformer) Brushed Gunmetal","550 x 800mm"
"9511172","fam_f0cd0c945264","Mizu Drift MK2 550 x 800mm Heated Towel Rail Only (Less Transformer) Brushed Stainless Steel","550 x 800mm"
"9511173","fam_f0cd0c945264","Mizu Drift MK2 550 x 800mm Heated Towel Rail Only (Less Transformer) Matte Black","550 x 800mm"
"9511171","fam_f0cd0c945264","Mizu Drift MK2 550 x 800mm Heated Towel Rail Only (Less Transformer) Polished Stainless Steel","550 x 800mm"
"9512408","fam_f0cd0c945264","Mizu Drift MK2 750 x 1050mm Heated Towel Rail Only (Less Transformer) Brushed Brass","750 x 1050mm"
"2007489","fam_f0cd0c945264","Mizu Drift MK2 750 x 1050mm Heated Towel Rail Only (Less Transformer) Brushed Gunmetal","750 x 1050mm"
"9511184","fam_f0cd0c945264","Mizu Drift MK2 750 x 1050mm Heated Towel Rail Only (Less Transformer) Brushed Stainless Steel","750 x 1050mm"
"9511185","fam_f0cd0c945264","Mizu Drift MK2 750 x 1050mm Heated Towel Rail Only (Less Transformer) Matte Black","750 x 1050mm"
"9511183","fam_f0cd0c945264","Mizu Drift MK2 750 x 1050mm Heated Towel Rail Only (Less Transformer) Polished Stainless Steel","750 x 1050mm"
"9512406","fam_f0cd0c945264","Mizu Drift MK2 750 x 800mm Heated Towel Rail Only (Less Transformer) Brushed Brass","750 x 800mm"
"2004726","fam_f0cd0c945264","Mizu Drift MK2 750 x 800mm Heated Towel Rail Only (Less Transformer) Brushed Bronze","750 x 800mm"
"2007487","fam_f0cd0c945264","Mizu Drift MK2 750 x 800mm Heated Towel Rail Only (Less Transformer) Brushed Gunmetal","750 x 800mm"
"9511180","fam_f0cd0c945264","Mizu Drift MK2 750 x 800mm Heated Towel Rail Only (Less Transformer) Brushed Stainless Steel","750 x 800mm"
"9511181","fam_f0cd0c945264","Mizu Drift MK2 750 x 800mm Heated Towel Rail Only (Less Transformer) Matte Black","750 x 800mm"
"9511179","fam_f0cd0c945264","Mizu Drift MK2 750 x 800mm Heated Towel Rail Only (Less Transformer) Polished Stainless Steel","750 x 800mm"
"9502500","fam_a6962dc7eea1","Mizu Square Floor Waste Stainless Steel 100mm x 100mm","100mm x 100mm"
"9502501","fam_a6962dc7eea1","Mizu Square Floor Waste Stainless Steel 100mm x 80mm","100mm x 80mm"
"9508763","fam_7ea5a6276a7b","Mizu Stream Heated Towel Rail 600 x 1050mm Brushed Stainless Steel","600 x 1050mm"
"9508766","fam_7ea5a6276a7b","Mizu Stream Heated Towel Rail 600 x 1050mm Matte Black","600 x 1050mm"
"9508760","fam_7ea5a6276a7b","Mizu Stream Heated Towel Rail 600 x 1050mm Polished Stainless Steel","600 x 1050mm"
"9508761","fam_7ea5a6276a7b","Mizu Stream Heated Towel Rail 600 x 450mm Brushed Stainless Steel","600 x 450mm"
"9508764","fam_7ea5a6276a7b","Mizu Stream Heated Towel Rail 600 x 450mm Matte Black","600 x 450mm"
"9508758","fam_7ea5a6276a7b","Mizu Stream Heated Towel Rail 600 x 450mm Polished Stainless Steel","600 x 450mm"
"9508762","fam_7ea5a6276a7b","Mizu Stream Heated Towel Rail 600 x 800mm Brushed Stainless Steel","600 x 800mm"
"9508765","fam_7ea5a6276a7b","Mizu Stream Heated Towel Rail 600 x 800mm Matte Black","600 x 800mm"
"9508759","fam_7ea5a6276a7b","Mizu Stream Heated Towel Rail 600 x 800mm Polished Stainless Steel","600 x 800mm"
"9509289","fam_7ea5a6276a7b","Mizu Stream Heated Towel Rail 800 x 1050mm Brushed Stainless Steel","800 x 1050mm"
"9509291","fam_7ea5a6276a7b","Mizu Stream Heated Towel Rail 800 x 1050mm Matte Black","800 x 1050mm"
"9509287","fam_7ea5a6276a7b","Mizu Stream Heated Towel Rail 800 x 1050mm Polished Stainless Steel","800 x 1050mm"
"9502633","fam_f7b523c10cd7","Mobi 1000 x 600mm Left Hand Corner Grab Rail Polished Stainless Steel","1000 x 600mm"
"9501878","fam_f7b523c10cd7","Mobi 1000 x 600mm Left Hand Corner Grab Rail Satin Stainless Steel","1000 x 600mm"
"9502634","fam_f7b523c10cd7","Mobi 1000 x 600mm Right Hand Corner Grab Rail Polished Stainless Steel","1000 x 600mm"
"9501879","fam_f7b523c10cd7","Mobi 1000 x 600mm Right Hand Corner Grab Rail Satin Stainless Steel","1000 x 600mm"
"9501978","fam_bdd795da2d7d","Mobi 1100 x 600mm Left Hand Invert ""T"" Grab Rail Polished Stainless Steel","1100 x 600mm"
"9504681","fam_bdd795da2d7d","Mobi 1100 x 600mm Left Hand Invert ""T"" Grab Rail Satin Stainless Steel","1100 x 600mm"
"9501889","fam_bdd795da2d7d","Mobi 1100 x 600mm Right Hand Invert ""T"" Grab Rail Polished Stainless Steel","1100 x 600mm"
"9504682","fam_bdd795da2d7d","Mobi 1100 x 600mm Right Hand Invert ""T"" Grab Rail Satin Stainless Steel","1100 x 600mm"
"9502621","fam_054e8a06df6b","Mobi 32 x 300mm Grab Rail Polished Stainless Steel","32 x 300mm"
"9501865","fam_054e8a06df6b","Mobi 32 x 300mm Grab Rail Satin Stainless Steel","32 x 300mm"
"9502622","fam_054e8a06df6b","Mobi 32 x 450mm Grab Rail Polished Stainless Steel","32 x 450mm"
"9501866","fam_054e8a06df6b","Mobi 32 x 450mm Grab Rail Satin Stainless Steel","32 x 450mm"
"9502623","fam_054e8a06df6b","Mobi 32 x 600mm Grab Rail Polished Stainless Steel","32 x 600mm"
"9501867","fam_054e8a06df6b","Mobi 32 x 600mm Grab Rail Satin Stainless Steel","32 x 600mm"
"9501868","fam_054e8a06df6b","Mobi 32 x 900mm Grab Rail Satin Stainless Steel","32 x 900mm"
"9502627","fam_f0a25504e7a2","Mobi 840 x 700mm x 140 Degree Left Hand Grab Rail Polished Stainless Steel","840 x 700mm x 140"
"9501872","fam_f0a25504e7a2","Mobi 840 x 700mm x 140 Degree Left Hand Grab Rail Satin Stainless Steel","840 x 700mm x 140"
"9502628","fam_f0a25504e7a2","Mobi 840 x 700mm x 140 Degree Right Hand Grab Rail Polished Stainless Steel","840 x 700mm x 140"
"9501873","fam_f0a25504e7a2","Mobi 840 x 700mm x 140 Degree Right Hand Grab Rail Satin Stainless Steel","840 x 700mm x 140"
"9502631","fam_f0a25504e7a2","Mobi 940 x 600mm x 90 Degree Left Hand Grab Rail Polished Stainless Steel","940 x 600mm x 90"
"9501876","fam_f0a25504e7a2","Mobi 940 x 600mm x 90 Degree Left Hand Grab Rail Satin Stainless Steel","940 x 600mm x 90"
"9502632","fam_f0a25504e7a2","Mobi 940 x 600mm x 90 Degree Right Hand Grab Rail Polished Stainless Steel","940 x 600mm x 90"
"9501877","fam_f0a25504e7a2","Mobi 940 x 600mm x 90 Degree Right Hand Grab Rail Satin Stainless Steel","940 x 600mm x 90"
"9502629","fam_c6d119bdb58a","Mobi 900 x 700mm x 140 Degree Left Hand Corner Grab Rail Polished Stainless Steel","900 x 700mm x 140"
"9501874","fam_c6d119bdb58a","Mobi 900 x 700mm x 140 Degree Left Hand Corner Grab Rail Satin Stainless Steel","900 x 700mm x 140"
"9502630","fam_c6d119bdb58a","Mobi 900 x 700mm x 140 Degree Right Hand Corner Grab Rail Polished Stainless Steel","900 x 700mm x 140"
"9501875","fam_c6d119bdb58a","Mobi 900 x 700mm x 140 Degree Right Hand Corner Grab Rail Satin Stainless Steel","900 x 700mm x 140"
"1850761","fam_392cbc64c6c6","Oken Robe Hook 22 x 72 x 30mm Chrome","22 x 72 x 30mm"
"2356825","fam_a15b14984a0f","Omvivo Neo MKII 1000 x 450 x 655mm Single Bowl Wall-Hung Vanity Unit with 1 Drawer plus Internal Drawer Cast Solid Surface Top and Pop-Up Waste","1000 x 450 x 655mm"
"2356827","fam_a15b14984a0f","Omvivo Neo MKII 700 x 450 x 655mm Single Bowl Wall-Hung Vanity Unit with 1 Drawer plus Internal Drawer Cast Solid Surface Top and Pop-Up Waste","700 x 450 x 655mm"
"9510693","fam_f7f8d3ab1941","Omvivo Villa Freestanding Bath 1500 x 700mm Cove Grey","1500 x 700mm"
"1967639","fam_f7f8d3ab1941","Omvivo Villa Freestanding Bath 1725 x 820mm Cove Grey","1725 x 820mm"
"35613","fam_e2baa70ffe79","Omvivo Villa Freestanding Bath 1500 x 700mm Island Sand","1500 x 700mm"
"35614","fam_e2baa70ffe79","Omvivo Villa Freestanding Bath 1725 x 820mm Island Sand","1725 x 820mm"
"9510694","fam_2224cccea716","Omvivo Villa Freestanding Bath 1500 x 700mm White Haven","1500 x 700mm"
"1967635","fam_2224cccea716","Omvivo Villa Freestanding Bath 1725 x 820mm White Haven","1725 x 820mm"
"1723555","fam_463b90e35444","Posh Bristol Enamelled Pressed Steel Inset Bath 1200mm x 700mm x 360mm White","1200mm x 700mm x 360mm"
"1723556","fam_463b90e35444","Posh Bristol Enamelled Pressed Steel Inset Bath 1500mm x 700mm x 390mm White","1500mm x 700mm x 390mm"
"1723557","fam_463b90e35444","Posh Bristol Enamelled Pressed Steel Inset Bath 1500mm x 750mm x 390mm White","1500mm x 750mm x 390mm"
"1723558","fam_463b90e35444","Posh Bristol Enamelled Pressed Steel Inset Bath 1600mm x 700mm x 390mm White","1600mm x 700mm x 390mm"
"1723559","fam_463b90e35444","Posh Bristol Enamelled Pressed Steel Inset Bath 1700mm x 700mm x 390mm White","1700mm x 700mm x 390mm"
"1723560","fam_463b90e35444","Posh Bristol Enamelled Pressed Steel Inset Bath 1700mm x 750mm x 390mm White","1700mm x 750mm x 390mm"
"9504428","fam_cb710e536b11","Posh Bristol Freestanding Bath 1560 x 750 x 560mm White","1560 x 750 x 560mm"
"9504384","fam_cb710e536b11","Posh Bristol Freestanding Bath 1760 x 800 x 590mm White","1760 x 800 x 590mm"
"1790352","fam_97c0c546ef15","Posh Bristol Luna Shower Base & Shower Screen with Centre Outlet 1000mm x 1000mm White & Chrome","1000mm x 1000mm"
"1790350","fam_97c0c546ef15","Posh Bristol Luna Shower Base & Shower Screen with Centre Outlet 900mm x 900mm White & Chrome","900mm x 900mm"
"1790353","fam_2b4b39759731","Posh Bristol Luna Shower Base & Shower Screen with Rear Outlet 1000mm x 1000mm White & Chrome","1000mm x 1000mm"
"1790354","fam_2b4b39759731","Posh Bristol Luna Shower Base & Shower Screen with Rear Outlet 1200mm x 900mm White & Chrome","1200mm x 900mm"
"1790351","fam_2b4b39759731","Posh Bristol Luna Shower Base & Shower Screen with Rear Outlet 900mm x 900mm White & Chrome","900mm x 900mm"
"2009279","fam_1d54c4ad3b49","Posh Bristol Luna Shower Base 1000mm x 1000mm Rear Outlet 3 Tiling Bead","1000mm x 1000mm"
"2009273","fam_1d54c4ad3b49","Posh Bristol Luna Shower Base 1200mm x 900mm Rear Outlet 3 Tiling Bead","1200mm x 900mm"
"2009271","fam_1d54c4ad3b49","Posh Bristol Luna Shower Base 900mm x 900mm Rear Outlet 3 Tiling Bead","900mm x 900mm"
"1710003","fam_b3d635258cf4","Posh Bristol Torbex MK2 Moulded Shower Base 1370mm x 900mm","1370mm x 900mm"
"1710004","fam_b3d635258cf4","Posh Bristol Torbex MK2 Moulded Shower Base 1660mm x 900mm","1660mm x 900mm"
"1710002","fam_2dbe1a73592b","Posh Bristol Torbex MK2 Shower Base 1200mm x 900mm","1200mm x 900mm"
"1710001","fam_2dbe1a73592b","Posh Bristol Torbex MK2 Shower Base 900mm x 900mm","900mm x 900mm"
"2351376","fam_25dbd1198ea7","Posh Domaine 1200mm x 1000mm Open Shelf Shaving Cabinet 2 Door","1200mm x 1000mm"
"2351374","fam_25dbd1198ea7","Posh Domaine 750mm x 1000mm Open Shelf Shaving Cabinet 2 Door","750mm x 1000mm"
"2351375","fam_25dbd1198ea7","Posh Domaine 900mm x 1000mm Open Shelf Shaving Cabinet 2 Door","900mm x 1000mm"
"2304688","fam_891a0ced97ce","Posh Domaine 1200mm x 800mm Polished Edge Mirror","1200mm x 800mm"
"2304684","fam_891a0ced97ce","Posh Domaine 500mm x 800mm Polished Edge Mirror","500mm x 800mm"
"2304685","fam_891a0ced97ce","Posh Domaine 600mm x 800mm Polished Edge Mirror","600mm x 800mm"
"2304686","fam_891a0ced97ce","Posh Domaine 750mm x 800mm Polished Edge Mirror","750mm x 800mm"
"2304687","fam_891a0ced97ce","Posh Domaine 900mm x 800mm Polished Edge Mirror","900mm x 800mm"
"2351384","fam_97e9cf351ebb","Posh Domaine 1200mm x 800mm Shaving Cabinet Standard 2 Door","1200mm x 800mm"
"2351380","fam_97e9cf351ebb","Posh Domaine 600mm x 800mm Shaving Cabinet Standard 2 Door","600mm x 800mm"
"2351381","fam_97e9cf351ebb","Posh Domaine 750mm x 800mm Shaving Cabinet Standard 2 Door","750mm x 800mm"
"2351382","fam_97e9cf351ebb","Posh Domaine 900mm x 800mm Shaving Cabinet Standard 2 Door","900mm x 800mm"
"2351385","fam_b0a79d76c030","Posh Domaine 1200mm x 800mm Shaving Cabinet Standard 3 Door","1200mm x 800mm"
"2351386","fam_b0a79d76c030","Posh Domaine 1500mm x 800mm Shaving Cabinet Standard 3 Door","1500mm x 800mm"
"2351370","fam_458facb549d7","Posh Domaine 300mm x 1000mm Shaving Cabinet Open Shelf 1 Door","300mm x 1000mm"
"2351371","fam_458facb549d7","Posh Domaine 400mm x 1000mm Shaving Cabinet Open Shelf 1 Door","400mm x 1000mm"
"2351372","fam_458facb549d7","Posh Domaine 500mm x 1000mm Shaving Cabinet Open Shelf 1 Door","500mm x 1000mm"
"2351377","fam_8947615637d1","Posh Domaine 300mm x 800mm Shaving Cabinet Standard 1 Door","300mm x 800mm"
"2351378","fam_8947615637d1","Posh Domaine 400mm x 800mm Shaving Cabinet Standard 1 Door","400mm x 800mm"
"2351379","fam_8947615637d1","Posh Domaine 500mm x 800mm Shaving Cabinet Standard 1 Door","500mm x 800mm"
"2350902","fam_a9a7bda44e48","Posh Domaine 600mm x 600mm Round Polished Edge Mirror","600mm x 600mm"
"2350903","fam_a9a7bda44e48","Posh Domaine 900mm x 900mm Round Polished Edge Mirror","900mm x 900mm"
"9508056","fam_b2c6247e966f","Posh Domaine Back to Wall Freestanding Bath 1500 x 720mm White","1500 x 720mm"
"9508005","fam_b2c6247e966f","Posh Domaine Back to Wall Freestanding Bath 1700 x 750mm White","1700 x 750mm"
"1703128","fam_e09bcab93ad0","Posh Domaine Back to Wall Freestanding Bath with Overflow 1500 x 720mm White","1500 x 720mm"
"1703129","fam_e09bcab93ad0","Posh Domaine Back to Wall Freestanding Bath with Overflow 1700 x 750mm White","1700 x 750mm"
"9508099","fam_d4802e127a1d","Posh Domaine Heated Towel Rail 500 x 750mm Polished Stainless Steel","500 x 750mm"
"9508100","fam_d4802e127a1d","Posh Domaine Heated Towel Rail 650 x 1100mm Polished Stainless Steel","650 x 1100mm"
"9506133","fam_d4802e127a1d","Posh Domaine Heated Towel Rail 700 x 750mm Polished Stainless Steel","700 x 750mm"
"9508098","fam_d4802e127a1d","Posh Domaine Heated Towel Rail 750 x 600mm Polished Stainless Steel","750 x 600mm"
"9508059","fam_3b9032ce76ff","Posh Domaine Inset Bath 1420 x 800 x 500mm White","1420 x 800 x 500mm"
"9508058","fam_3b9032ce76ff","Posh Domaine Inset Bath 1525 x 800 x 500mm White","1525 x 800 x 500mm"
"9508057","fam_3b9032ce76ff","Posh Domaine Inset Bath 1690 x 800 x 500mm White","1690 x 800 x 500mm"
"2350289","fam_eb5fc0e015cc","Posh Domaine MK2 1000x1000 Semi Frameless Left Hand Entry Base & Screen Only Shower System","1000x1000"
"2350287","fam_eb5fc0e015cc","Posh Domaine MK2 1200x900 Semi Frameless Left Hand Entry Base & Screen Only Shower System","1200x900"
"2350285","fam_eb5fc0e015cc","Posh Domaine MK2 900x900 Semi Frameless Left Hand Entry Base & Screen Only Shower System","900x900"
"2350290","fam_eb5fc0e015cc","Posh Domaine MK2 1000x1000 Semi Frameless Right Hand Entry Base & Screen Only Shower System","1000x1000"
"2350288","fam_eb5fc0e015cc","Posh Domaine MK2 1200x900 Semi Frameless Right Hand Entry Base & Screen Only Shower System","1200x900"
"2350286","fam_eb5fc0e015cc","Posh Domaine MK2 900x900 Semi Frameless Right Hand Entry Base & Screen Only Shower System","900x900"
"2350231","fam_f6ea88b65447","Posh Domaine MK2 Polymarble Shower Base 1000x1000 Left Hand Entry","1000x1000"
"2350233","fam_f6ea88b65447","Posh Domaine MK2 Polymarble Shower Base 1200x900 Left Hand Entry","1200x900"
"2350232","fam_f6ea88b65447","Posh Domaine MK2 Polymarble Shower Base 1000x1000 Right Hand Entry","1000x1000"
"2350234","fam_f6ea88b65447","Posh Domaine MK2 Polymarble Shower Base 1200x900 Right Hand Entry","1200x900"
"2350230","fam_f6ea88b65447","Posh Domaine MK2 Polymarble Shower Base 900x900 Right Hand Entry","900x900"
"2350227","fam_e3de112f9c76","Posh Domaine MK2 Semi Frameless Hinged Shower Screen and Return 1000x1000x2000","1000x1000x2000"
"2350228","fam_e3de112f9c76","Posh Domaine MK2 Semi Frameless Hinged Shower Screen and Return 1200x900x2000","1200x900x2000"
"2350226","fam_e3de112f9c76","Posh Domaine MK2 Semi Frameless Hinged Shower Screen and Return 900x900x2000","900x900x2000"
"2351397","fam_d168fe6f32f0","Posh Domaine Plus 1200mm x 1000mm Shaving Cabinet Open Shelf 2 Door","1200mm x 1000mm"
"2351394","fam_d168fe6f32f0","Posh Domaine Plus 600mm x 1000mm Shaving Cabinet Open Shelf 2 Door","600mm x 1000mm"
"2351395","fam_d168fe6f32f0","Posh Domaine Plus 750mm x 1000mm Shaving Cabinet Open Shelf 2 Door","750mm x 1000mm"
"2351396","fam_d168fe6f32f0","Posh Domaine Plus 900mm x 1000mm Shaving Cabinet Open Shelf 2 Door","900mm x 1000mm"
"2351404","fam_dd4e3ced1273","Posh Domaine Plus 1200mm x 800mm Shaving Cabinet Graphite Interior LED 2 Door","1200mm x 800mm"
"2351401","fam_dd4e3ced1273","Posh Domaine Plus 600mm x 800mm Shaving Cabinet Graphite Interior LED 2 Door","600mm x 800mm"
"2351402","fam_dd4e3ced1273","Posh Domaine Plus 750mm x 800mm Shaving Cabinet Graphite Interior LED 2 Door","750mm x 800mm"
"2351403","fam_dd4e3ced1273","Posh Domaine Plus 900mm x 800mm Shaving Cabinet Graphite Interior LED 2 Door","900mm x 800mm"
"2351405","fam_95af87985cd7","Posh Domaine Plus 1200mm x 800mm Shaving Cabinet Graphite Interior LED 3 Door","1200mm x 800mm"
"2351406","fam_95af87985cd7","Posh Domaine Plus 1500mm x 800mm Shaving Cabinet Graphite Interior LED 3 Door","1500mm x 800mm"
"2351391","fam_e1350058c7ef","Posh Domaine Plus 300mm x 1000mm Shaving Cabinet Open Shelf 1 Door","300mm x 1000mm"
"2351392","fam_e1350058c7ef","Posh Domaine Plus 400mm x 1000mm Shaving Cabinet Open Shelf 1 Door","400mm x 1000mm"
"2351393","fam_e1350058c7ef","Posh Domaine Plus 500mm x 1000mm Shaving Cabinet Open Shelf 1 Door","500mm x 1000mm"
"2351398","fam_5d3eed11de3c","Posh Domaine Plus 300mm x 800mm Shaving Cabinet Graphite Interior LED 1 Door","300mm x 800mm"
"2351399","fam_5d3eed11de3c","Posh Domaine Plus 400mm x 800mm Shaving Cabinet Graphite Interior LED 1 Door","400mm x 800mm"
"2351400","fam_5d3eed11de3c","Posh Domaine Plus 500mm x 800mm Shaving Cabinet Graphite Interior LED 1 Door","500mm x 800mm"
"9506248","fam_72bbc4bcdd09","Posh Solus Freestanding Bath 1500 x 700 x 560mm White No Overflow","1500 x 700 x 560mm"
"9504385","fam_72bbc4bcdd09","Posh Solus Freestanding Bath 1780 x 800 x 560mm White No Overflow","1780 x 800 x 560mm"
"1703113","fam_5eed45b80bed","Posh Solus Freestanding Bath with Overflow 1500 x 700 x 600mm White","1500 x 700 x 600mm"
"1703112","fam_5eed45b80bed","Posh Solus Freestanding Bath with Overflow 1780 x 800 x 595mm White","1780 x 800 x 595mm"
"1789754","fam_b2a5c297d916","Posh Solus MK2 Bath 1520 x 755mm White","1520 x 755mm"
"1789753","fam_b2a5c297d916","Posh Solus MK2 Bath 1675 x 755mm White","1675 x 755mm"
"2007022","fam_313835037890","Posh Solus MK2 Heated Towel Rail 500 x 700mm Matte Black","500 x 700mm"
"2007020","fam_313835037890","Posh Solus MK2 Heated Towel Rail 500 x 700mm Polished Stainless Steel","500 x 700mm"
"2007023","fam_313835037890","Posh Solus MK2 Heated Towel Rail 700 x 700mm Matte Black","700 x 700mm"
"2007021","fam_313835037890","Posh Solus MK2 Heated Towel Rail 700 x 700mm Polished Stainless Steel","700 x 700mm"
"1703099","fam_dee0d00104e7","Posh Solus Niche 1000mm x 300mm x 90mm","1000mm x 300mm x 90mm"
"1703100","fam_dee0d00104e7","Posh Solus Niche 1400mm x 300mm x 90mm","1400mm x 300mm x 90mm"
"1703097","fam_dee0d00104e7","Posh Solus Niche 365mm x 320mm x 90mm","365mm x 320mm x 90mm"
"1703098","fam_dee0d00104e7","Posh Solus Niche 700mm x 300mm x 90mm","700mm x 300mm x 90mm"
"1704378","fam_49693baf6176","Posh Solus Oval Inset Bath 1585mm x 745mm White","1585mm x 745mm"
"1704379","fam_49693baf6176","Posh Solus Oval Inset Bath 1675mm x 780mm White","1675mm x 780mm"
"1710009","fam_a1983f7f279b","Posh Solus Polymarble Shower Base with Waste & Grate Cover 1200 x 900mm White","1200 x 900mm"
"1710008","fam_a1983f7f279b","Posh Solus Polymarble Shower Base with Waste & Grate Cover 900 x 900mm White","900 x 900mm"
"9512253","fam_0fea7dc6fce3","Posh Solus Tile Over Shower Tray with 1140mm Long Rear Matte Black Tile Insert Channel Suits Tiles 9mm and up (For 3 Wall / Alcove Install) 1200mm x 900mm","1200mm x 900mm"
"9512252","fam_0fea7dc6fce3","Posh Solus Tile Over Shower Tray with 1140mm Long Rear Stainless Steel Tile Insert Channel Suits Tiles 9mm and up (For 3 Wall / Alcove Install) 1200mm x 900mm","1200mm x 900mm"
"9512263","fam_0fea7dc6fce3","Posh Solus Tile Over Shower Tray with 840mm Long Rear Matte Black Tile Insert Channel Suits Tiles 9mm and up (For 3 Wall / Alcove Install) 900mm x 1200mm","900mm x 1200mm"
"9512243","fam_0fea7dc6fce3","Posh Solus Tile Over Shower Tray with 840mm Long Rear Matte Black Tile Insert Channel Suits Tiles 9mm and up (For 3 Wall / Alcove Install) 900mm x 900mm","900mm x 900mm"
"9512262","fam_0fea7dc6fce3","Posh Solus Tile Over Shower Tray with 840mm Long Rear Stainless Steel Tile Insert Channel Suits Tiles 9mm and up (For 3 Wall / Alcove Install) 900mm x 1200mm","900mm x 1200mm"
"9512242","fam_0fea7dc6fce3","Posh Solus Tile Over Shower Tray with 840mm Long Rear Stainless Steel Tile Insert Channel Suits Tiles 9mm and up (For 3 Wall / Alcove Install) 900mm x 900mm","900mm x 900mm"
"9512272","fam_68559d7c5762","Posh Solus Tile Over Shower Tray with 1140mm Long Rear Matte Black Tile Insert Channel Suits Tiles 9mm and up 1500mm x 1000mm","1500mm x 1000mm"
"9512271","fam_68559d7c5762","Posh Solus Tile Over Shower Tray with 1140mm Long Rear Stainless Steel Tile Insert Channel Suits Tiles 9mm and up 1500mm x 1000mm","1500mm x 1000mm"
"9512251","fam_64e551cb8a69","Posh Solus Tile Over Shower Tray with 1140mm Long Rear Matte Black Tile Insert Channel Suits Tiles up to 8mm (For 3 Wall / Alcove Install) 1200mm x 900mm","1200mm x 900mm"
"9512250","fam_64e551cb8a69","Posh Solus Tile Over Shower Tray with 1140mm Long Rear Stainless Steel Tile Insert Channel Suits Tiles up to 8mm (For 3 Wall / Alcove Install) 1200mm x 900mm","1200mm x 900mm"
"9512261","fam_64e551cb8a69","Posh Solus Tile Over Shower Tray with 840mm Long Rear Matte Black Tile Insert Channel Suits Tiles up to 8mm (For 3 Wall / Alcove Install) 900mm x 1200mm","900mm x 1200mm"
"9512241","fam_64e551cb8a69","Posh Solus Tile Over Shower Tray with 840mm Long Rear Matte Black Tile Insert Channel Suits Tiles up to 8mm (For 3 Wall / Alcove Install) 900mm x 900mm","900mm x 900mm"
"9512260","fam_64e551cb8a69","Posh Solus Tile Over Shower Tray with 840mm Long Rear Stainless Steel Tile Insert Channel Suits Tiles up to 8mm (For 3 Wall / Alcove Install) 900mm x 1200mm","900mm x 1200mm"
"9512240","fam_64e551cb8a69","Posh Solus Tile Over Shower Tray with 840mm Long Rear Stainless Steel Tile Insert Channel Suits Tiles up to 8mm (For 3 Wall / Alcove Install) 900mm x 900mm","900mm x 900mm"
"9512270","fam_593222f14284","Posh Solus Tile Over Shower Tray with 1140mm Long Rear Matte Black Tile Insert Channel Suits Tiles up to 8mm 1500mm x 1000mm","1500mm x 1000mm"
"9512269","fam_593222f14284","Posh Solus Tile Over Shower Tray with 1140mm Long Rear Stainless Steel Tile Insert Channel Suits Tiles up to 8mm 1500mm x 1000mm","1500mm x 1000mm"
"9512248","fam_b9bef4857e4a","Posh Solus Tile Over Shower Tray with 1140mm Long Rear Stainless Steel Standard Channel (For 3 Wall / Alcove Install) 1200mm x 900mm","1200mm x 900mm"
"9512258","fam_b9bef4857e4a","Posh Solus Tile Over Shower Tray with 840mm Long Rear Stainless Steel Standard Channel (For 3 Wall / Alcove Install) 900mm x 1200mm","900mm x 1200mm"
"9512238","fam_b9bef4857e4a","Posh Solus Tile Over Shower Tray with 840mm Long Rear Stainless Steel Standard Channel (For 3 Wall / Alcove Install) 900mm x 900mm","900mm x 900mm"
"9512257","fam_513904cbeb88","Posh Solus Tile Over Shower Tray with 1160mm Long Rear Matte Black Tile Insert Channel Suits Tiles 9mm and up (For 2 Wall / Corner Install) 1200mm x 900mm","1200mm x 900mm"
"9512256","fam_513904cbeb88","Posh Solus Tile Over Shower Tray with 1160mm Long Rear Stainless Steel Tile Insert Channel Suits Tiles 9mm and up (For 2 Wall / Corner Install) 1200mm x 900mm","1200mm x 900mm"
"9512267","fam_513904cbeb88","Posh Solus Tile Over Shower Tray with 860mm Long Rear Matte Black Tile Insert Channel Suits Tiles 9mm and up (For 2 Wall / Corner Install) 900mm x 1200mm","900mm x 1200mm"
"9512247","fam_513904cbeb88","Posh Solus Tile Over Shower Tray with 860mm Long Rear Matte Black Tile Insert Channel Suits Tiles 9mm and up (For 2 Wall / Corner Install) 900mm x 900mm","900mm x 900mm"
"9512266","fam_513904cbeb88","Posh Solus Tile Over Shower Tray with 860mm Long Rear Stainless Steel Tile Insert Channel Suits Tiles 9mm and up (For 2 Wall / Corner Install) 900mm x 1200mm","900mm x 1200mm"
"9512246","fam_513904cbeb88","Posh Solus Tile Over Shower Tray with 860mm Long Rear Stainless Steel Tile Insert Channel Suits Tiles 9mm and up (For 2 Wall / Corner Install) 900mm x 900mm","900mm x 900mm"
"9512255","fam_924967b5f515","Posh Solus Tile Over Shower Tray with 1160mm Long Rear Matte Black Tile Insert Channel Suits Tiles up to 8mm (For 2 Wall / Corner Install) 1200mm x 900mm","1200mm x 900mm"
"9512254","fam_924967b5f515","Posh Solus Tile Over Shower Tray with 1160mm Long Rear Stainless Steel Tile Insert Channel Suits Tiles up to 8mm (For 2 Wall / Corner Install) 1200mm x 900mm","1200mm x 900mm"
"9512265","fam_924967b5f515","Posh Solus Tile Over Shower Tray with 860mm Long Rear Matte Black Tile Insert Channel Suits Tiles up to 8mm (For 2 Wall / Corner Install) 900mm x 1200mm","900mm x 1200mm"
"9512245","fam_924967b5f515","Posh Solus Tile Over Shower Tray with 860mm Long Rear Matte Black Tile Insert Channel Suits Tiles up to 8mm (For 2 Wall / Corner Install) 900mm x 900mm","900mm x 900mm"
"9512264","fam_924967b5f515","Posh Solus Tile Over Shower Tray with 860mm Long Rear Stainless Steel Tile Insert Channel Suits Tiles up to 8mm (For 2 Wall / Corner Install) 900mm x 1200mm","900mm x 1200mm"
"9512244","fam_924967b5f515","Posh Solus Tile Over Shower Tray with 860mm Long Rear Stainless Steel Tile Insert Channel Suits Tiles up to 8mm (For 2 Wall / Corner Install) 900mm x 900mm","900mm x 900mm"
"9512249","fam_a2066516bb9f","Posh Solus Tile Over Shower Tray with 1160mm Long Rear Stainless Steel Standard Channel (For 2 Wall / Corner Install) 1200mm x 900mm","1200mm x 900mm"
"9512259","fam_a2066516bb9f","Posh Solus Tile Over Shower Tray with 860mm Long Rear Stainless Steel Standard Channel (For 2 Wall / Corner Install) 900mm x 1200mm","900mm x 1200mm"
"9512239","fam_a2066516bb9f","Posh Solus Tile Over Shower Tray with 860mm Long Rear Stainless Steel Standard Channel (For 2 Wall / Corner Install) 900mm x 900mm","900mm x 900mm"
"9512235","fam_829df5b06d95","Posh Solus Tile Over Shower Tray with Rear Matte Black Tile Insert Waste 1200mm x 900mm","1200mm x 900mm"
"9512234","fam_829df5b06d95","Posh Solus Tile Over Shower Tray with Rear Stainless Steel Tile Insert Waste 1200mm x 900mm","1200mm x 900mm"
"9512231","fam_829df5b06d95","Posh Solus Tile Over Shower Tray with Rear Matte Black Tile Insert Waste 900mm x 900mm","900mm x 900mm"
"9512230","fam_829df5b06d95","Posh Solus Tile Over Shower Tray with Rear Stainless Steel Tile Insert Waste 900mm x 900mm","900mm x 900mm"
"9512236","fam_6507615170ce","Posh Solus Tile Over Shower Tray with Rear Stainless Steel Round Floor Waste 1200mm x 900mm","1200mm x 900mm"
"9512232","fam_6507615170ce","Posh Solus Tile Over Shower Tray with Rear Stainless Steel Round Floor Waste 900mm x 900mm","900mm x 900mm"
"9512237","fam_02a52b087055","Posh Solus Tile Over Shower Tray with Rear Stainless Steel Square Floor Waste 1200mm x 900mm","1200mm x 900mm"
"9512233","fam_02a52b087055","Posh Solus Tile Over Shower Tray with Rear Stainless Steel Square Floor Waste 900mm x 900mm","900mm x 900mm"
"1852333","fam_3a1485aa1aed","Raffaello Accessible Stainless Steel Grab Rail 90 Degree Left Hand 950mm x 700mm Black","950mm x 700mm"
"1852334","fam_3a1485aa1aed","Raffaello Accessible Stainless Steel Grab Rail 90 Degree Left Hand 950mm x 700mm Bright","950mm x 700mm"
"1852336","fam_3a1485aa1aed","Raffaello Accessible Stainless Steel Grab Rail 90 Degree Right Hand 950mm x 700mm Black","950mm x 700mm"
"1852335","fam_3a1485aa1aed","Raffaello Accessible Stainless Steel Grab Rail 90 Degree Right Hand 950mm x 700mm White","950mm x 700mm"
"1852337","fam_3a1485aa1aed","Raffaello Accessible Stainless Steel Grab Rail 90 Degree Right Hand 950mm x 700mm Bright","950mm x 700mm"
"1851630","fam_cd36653bcb6b","RBA Grab Rail 90 Degree 950 x 700 High Left Hand Stainless Steel Polished","950 x 700"
"1851631","fam_cd36653bcb6b","RBA Grab Rail 90 Degree 950 x 700 High Right Hand Stainless Steel Polished","950 x 700"
"2219851","fam_d32eb5e89d98","RBA 90 Degree 2 Wall Grab Rail 1075 x 1050 x 600mm Left Hand","1075 x 1050 x 600mm"
"2219852","fam_d32eb5e89d98","RBA 90 Degree 2 Wall Grab Rail 1075 x 1050 x 600mm Right Hand","1075 x 1050 x 600mm"
"1711987","fam_c80fbd54d0a9","Roca Cyprus Stonex Shower Floor 1000mm x 1000mm Arena with Matching Waste","1000mm x 1000mm"
"1711991","fam_c80fbd54d0a9","Roca Cyprus Stonex Shower Floor 1200mm x 900mm Arena with Matching Waste","1200mm x 900mm"
"1711995","fam_c80fbd54d0a9","Roca Cyprus Stonex Shower Floor 900mm x 1500mm Arena with Matching Waste","900mm x 1500mm"
"1711983","fam_c80fbd54d0a9","Roca Cyprus Stonex Shower Floor 900mm x 900mm Arena with Matching Waste","900mm x 900mm"
"1711984","fam_48a52dfe3b45","Roca Cyprus Stonex Shower Floor 1000mm x 1000mm Blanco with Matching Waste","1000mm x 1000mm"
"1711988","fam_48a52dfe3b45","Roca Cyprus Stonex Shower Floor 1200mm x 900mm Blanco with Matching Waste","1200mm x 900mm"
"1711992","fam_48a52dfe3b45","Roca Cyprus Stonex Shower Floor 900mm x 1500mm Blanco with Matching Waste","900mm x 1500mm"
"1711980","fam_48a52dfe3b45","Roca Cyprus Stonex Shower Floor 900mm x 900mm Blanco with Matching Waste","900mm x 900mm"
"1711985","fam_858b41478975","Roca Cyprus Stonex Shower Floor 1000mm x 1000mm Cemento with Matching Waste","1000mm x 1000mm"
"1711989","fam_858b41478975","Roca Cyprus Stonex Shower Floor 1200mm x 900mm Cemento with Matching Waste","1200mm x 900mm"
"1711993","fam_858b41478975","Roca Cyprus Stonex Shower Floor 900mm x 1500mm Cemento with Matching Waste","900mm x 1500mm"
"1711981","fam_858b41478975","Roca Cyprus Stonex Shower Floor 900mm x 900mm Cemento with Matching Waste","900mm x 900mm"
"1711986","fam_2ac64ff0e326","Roca Cyprus Stonex Shower Floor 1000mm x 1000mm Pizarra with Matching Waste","1000mm x 1000mm"
"1711990","fam_2ac64ff0e326","Roca Cyprus Stonex Shower Floor 1200mm x 900mm Pizarra with Matching Waste","1200mm x 900mm"
"1711994","fam_2ac64ff0e326","Roca Cyprus Stonex Shower Floor 900mm x 1500mm Pizarra with Matching Waste","900mm x 1500mm"
"1711982","fam_2ac64ff0e326","Roca Cyprus Stonex Shower Floor 900mm x 900mm Pizarra with Matching Waste","900mm x 900mm"
"9511888","fam_a37b169dbc49","Roca Inspira Light Soft Square Above Counter Basin 500mm x 370mm Matte Black","500mm x 370mm"
"9511887","fam_a37b169dbc49","Roca Inspira Light Soft Square Above Counter Basin 500mm x 370mm Matte White","500mm x 370mm"
"9510257","fam_a37b169dbc49","Roca Inspira Light Soft Square Above Counter Basin 500mm x 370mm White","500mm x 370mm"
"9507161","fam_a37b169dbc49","Roca Inspira Soft Square Above Counter Basin 370mm x 370mm Gloss White","370mm x 370mm"
"1806215","fam_a37b169dbc49","Roca Inspira Soft Square Above Counter Basin 370mm x 370mm Matte Black","370mm x 370mm"
"1806221","fam_a37b169dbc49","Roca Inspira Soft Square Above Counter Basin 370mm x 370mm Matte White","370mm x 370mm"
"9507158","fam_a3d604140fd0","Roca Inspira Round Above Counter Basin 370mm x 370mm Gloss White","370mm x 370mm"
"1806211","fam_a3d604140fd0","Roca Inspira Round Above Counter Basin 370mm x 370mm Matte Black","370mm x 370mm"
"1806217","fam_a3d604140fd0","Roca Inspira Round Above Counter Basin 370mm x 370mm Matte White","370mm x 370mm"
"1808094","fam_060095ee867a","Roca Inspira Round Oval Above Counter Basin 500mm x 370mm Gloss White","500mm x 370mm"
"1806212","fam_060095ee867a","Roca Inspira Round Oval Above Counter Basin 500mm x 370mm Matte Black","500mm x 370mm"
"1806218","fam_060095ee867a","Roca Inspira Round Oval Above Counter Basin 500mm x 370mm Matte White","500mm x 370mm"
"9507160","fam_bdc506f4bbac","Roca Inspira Soft Rectangle Above Counter Basin 500mm x 370mm Gloss White","500mm x 370mm"
"1806216","fam_bdc506f4bbac","Roca Inspira Soft Rectangle Above Counter Basin 500mm x 370mm Matte Black","500mm x 370mm"
"1806222","fam_bdc506f4bbac","Roca Inspira Soft Rectangle Above Counter Basin 500mm x 370mm Matte White","500mm x 370mm"
"9507164","fam_f37dcafbd56b","Roca Inspira Square Above Counter Basin 370mm x 370mm Gloss White","370mm x 370mm"
"1806213","fam_f37dcafbd56b","Roca Inspira Square Above Counter Basin 370mm x 370mm Matte Black","370mm x 370mm"
"1806219","fam_f37dcafbd56b","Roca Inspira Square Above Counter Basin 370mm x 370mm Matte White","370mm x 370mm"
"9507163","fam_6b1902d757a2","Roca Inspira Square Rectangle Above Counter Basin 500mm x 370mm Gloss White","500mm x 370mm"
"1806214","fam_6b1902d757a2","Roca Inspira Square Rectangle Above Counter Basin 500mm x 370mm Matte Black","500mm x 370mm"
"1806220","fam_6b1902d757a2","Roca Inspira Square Rectangle Above Counter Basin 500mm x 370mm Matte White","500mm x 370mm"
"9508154","fam_d66853cd90c3","Roca Inspira Wall Basin with Fixings 1000mm x 490mm White","1000mm x 490mm"
"9508156","fam_d66853cd90c3","Roca Inspira Wall Basin with Fixings 600mm x 490mm White","600mm x 490mm"
"9508155","fam_d66853cd90c3","Roca Inspira Wall Basin with Fixings 800mm x 490mm White","800mm x 490mm"
"9512575","fam_4aa83f488d84","Roca Ona Square Semi Inset Basin 500mm x 380mm No Taphole with Overflow White","500mm x 380mm"
"9512576","fam_4aa83f488d84","Roca Ona Square Semi Inset Basin 600mm x 400mm No Taphole with Overflow White","600mm x 400mm"
"9512578","fam_ea748af8a8ae","Roca Ona Stonex 1600mm x 700mm Left Hand Back to Corner Bath White","1600mm x 700mm"
"9512579","fam_ea748af8a8ae","Roca Ona Stonex 1600mm x 700mm Right Hand Back to Corner Bath White","1600mm x 700mm"
"1832710","fam_8a2ad9dbfd9e","Roca Ona Wall Basin with Fixing Bolts 450mm x 260mm 1 Taphole Overflow White","450mm x 260mm"
"1832711","fam_8a2ad9dbfd9e","Roca Ona Wall Basin with Fixing Bolts 500mm x 360mm 1 Taphole Overflow White","500mm x 360mm"
"1832714","fam_4d239e2b8cdd","Roca Ona Wall Basin with Fixings 1000mm x 460mm 1 Taphole Overflow White","1000mm x 460mm"
"1809328","fam_4d239e2b8cdd","Roca Ona Wall Basin with Fixings 450mm x 260mm 1 Taphole Overflow Matte White","450mm x 260mm"
"1832712","fam_21ca16d682bb","Roca Ona Wall Basin with Fixings 800mm x 460mm 1 Taphole Left Hand Bowl Overflow White","800mm x 460mm"
"1832713","fam_21ca16d682bb","Roca Ona Wall Basin with Fixings 800mm x 460mm 1 Taphole Right Hand Bowl Overflow White","800mm x 460mm"
"9512570","fam_83ab4bcaf518","Roca Ona Wall hung Basin 450mm x 260mm 1Taphole with Overflow White","450mm x 260mm"
"9512571","fam_83ab4bcaf518","Roca Ona Wall hung Basin 500mm x 360mm 1Taphole with Overflow White","500mm x 360mm"
"9512572","fam_acbab00618a0","Roca Ona Wall Hung Basin 800mm x 460mm 1 Taphole with Left Hand Bowl Overflow White","800mm x 460mm"
"9512573","fam_acbab00618a0","Roca Ona Wall Hung Basin 800mm x 460mm 1 Taphole with Right Hand Bowl Overflow White","800mm x 460mm"
"1806773","fam_7c28093008fc","Roca Sofia Under Counter Basin 500mm x 390mm No Taphole with Overflow White","500mm x 390mm"
"1806772","fam_7c28093008fc","Roca Sofia Under Counter Basin 552mm x 392mm No Taphole with Overflow White","552mm x 392mm"
"1806774","fam_7c28093008fc","Roca Sofia Under Counter Basin 609mm x 410mm No Taphole with Overflow White","609mm x 410mm"
"9506764","fam_8417087676c1","Roca The Gap Semi Inset Basin 450mm x 410mm 1 Taphole White","450mm x 410mm"
"9506765","fam_8417087676c1","Roca The Gap Semi Inset Basin 550mm x 410mm 1 Taphole White","550mm x 410mm"
"1807927","fam_6257e0017053","Roca The Gap Square Above Counter Basin 390mm x 370mm with Overflow White","390mm x 370mm"
"1807928","fam_6257e0017053","Roca The Gap Square Above Counter Basin 600mm x 370mm with Overflow White","600mm x 370mm"
"1807931","fam_252c7ab508a1","Roca The Gap Square Semi Inset Basin 390mm x 370mm with Overflow White","390mm x 370mm"
"1807932","fam_252c7ab508a1","Roca The Gap Square Semi Inset Basin 600mm x 370mm with Overflow White","600mm x 370mm"
"1805766","fam_e3a0bca62af9","Roca The Gap Under Counter Basin 400 x 350mm with Overflow","400 x 350mm"
"1805767","fam_e3a0bca62af9","Roca The Gap Under Counter Basin 550 x 350mm with Overflow","550 x 350mm"
"1704458","fam_936e01bb0a80","Taffeta Shower Curtain 3.0 x 1.8m","3.0 x 1.8m"
"1704445","fam_936e01bb0a80","Taffeta Shower Curtain 3.6 x 1.8m","3.6 x 1.8m"
"2080240","fam_2b136c62c6f5","Wolfen Slimline Wall Hand Basin 400 x 240mm with Brackets Left Hand 1 Taphole Stainless Steel","400 x 240mm"
"2080241","fam_2b136c62c6f5","Wolfen Slimline Wall Hand Basin 400 x 240mm with Brackets Right Hand 1 Taphole Stainless Steel","400 x 240mm"
"9513001","fam_a43f72d5f90c","Wolfen Wall Basin 400 x 365 x 175mm No Overflow & Fixings 1 Taphole White","400 x 365 x 175mm"
"9513002","fam_a43f72d5f90c","Wolfen Wall Basin 500 x 420 x 190mm No Overflow & Fixings 1 Taphole White","500 x 420 x 190mm"
"9513004","fam_a43f72d5f90c","Wolfen Wall Basin 600 x 480 x 205mm No Overflow & Fixings 1 Taphole White","600 x 480 x 205mm"
"1851594","fam_8ced28cbaac7","Wolfen Wall Basin 400 x 365 x 175mm with Overflow & Fixings 1 Taphole White","400 x 365 x 175mm"
"1851595","fam_8ced28cbaac7","Wolfen Wall Basin 500 x 420 x 190mm with Overflow & Fixings 1 Taphole White","500 x 420 x 190mm"
"1851596","fam_8ced28cbaac7","Wolfen Wall Basin 600 x 480 x 205mm with Overflow & Fixings 1 Taphole White","600 x 480 x 205mm"
"9512156","fam_4685096ee571","Wolfen Wall Basin Only 400 x 365 x 175mm No Overflow 1 Taphole White","400 x 365 x 175mm"
"9512157","fam_4685096ee571","Wolfen Wall Basin Only 500 x 420 x 190mm No Overflow 1 Taphole White","500 x 420 x 190mm"
"9512159","fam_4685096ee571","Wolfen Wall Basin Only 600 x 480 x 205mm No Overflow 1 Taphole White","600 x 480 x 205mm"